Timestamp,Battery_Charge_kW,Battery_Discharge_kW,SOC_kWh,Load_kW,Solar_kW,Grid_Import_kW,Grid_Export_kW
2025-01-01 09:00:00,0.4378,0.0,1.4159,1.3909,1.8287,0.0,0.0
2025-01-01 10:00:00,0.9066,0.0,2.2772,1.6311,2.5377,0.0,0.0
2025-01-01 11:00:00,1.1156,0.0,3.337,1.0709,2.1866,0.0,0.0
2025-01-01 12:00:00,0.9329,0.0,4.2233,1.1557,2.0886,0.0,0.0
2025-01-01 13:00:00,1.1107,0.0,5.2784,1.0088,2.1194,0.0,0.0
2025-01-01 14:00:00,1.1353,0.0,6.357,1.149,2.2843,0.0,0.0
2025-01-01 15:00:00,0.6078,0.0,6.9344,1.0741,1.6819,0.0,0.0
2025-01-01 16:00:00,2.5211,0.0,9.3294,1.352,1.409,2.464,0.0
2025-01-01 17:00:00,0.0,1.048,8.2263,1.934,0.886,0.0,0.0
2025-01-01 18:00:00,0.0,1.94,6.1842,1.94,0.0,0.0,0.0
2025-01-01 19:00:00,0.0,1.961,4.12,1.961,0.0,0.0,0.0
2025-01-01 20:00:00,0.0,1.8775,2.1437,1.8775,0.0,0.0,0.0
2025-01-01 21:00:00,0.0,1.0865,1.0,1.0865,0.0,0.0,0.0
2025-01-02 09:00:00,0.4154,0.0,1.3946,1.5214,1.9368,0.0,0.0
2025-01-02 10:00:00,0.9354,0.0,2.2833,1.3123,2.2478,0.0,0.0
2025-01-02 11:00:00,1.2796,0.0,3.4989,1.0817,2.3613,0.0,0.0
2025-01-02 12:00:00,1.0448,0.0,4.4915,1.0117,2.0565,0.0,0.0
2025-01-02 13:00:00,1.1893,0.0,5.6213,1.1324,2.3217,0.0,0.0
2025-01-02 14:00:00,0.668,0.0,6.2559,1.1329,1.8009,0.0,0.0
2025-01-02 15:00:00,0.8425,0.0,7.0563,1.0334,1.8759,0.0,0.0
2025-01-02 16:00:00,2.3083,0.0,9.2491,1.5889,1.3871,2.5101,0.0
2025-01-02 17:00:00,0.0,1.1227,8.0673,1.9002,0.7775,0.0,0.0
2025-01-02 18:00:00,0.0,1.8892,6.0786,1.8892,0.0,0.0,0.0
2025-01-02 19:00:00,0.0,1.9261,4.0512,1.9261,0.0,0.0,0.0
2025-01-02 20:00:00,0.0,1.8724,2.0803,1.8724,0.0,0.0,0.0
2025-01-02 21:00:00,0.0,1.0263,1.0,1.0263,0.0,0.0,0.0
2025-01-03 09:00:00,0.4811,0.0,1.4571,1.6426,2.1238,0.0,0.0
2025-01-03 10:00:00,0.972,0.0,2.3805,1.4728,2.4448,0.0,0.0
2025-01-03 11:00:00,0.8583,0.0,3.1958,1.13,1.9882,0.0,0.0
2025-01-03 12:00:00,1.1583,0.0,4.2962,1.0083,2.1666,0.0,0.0
2025-01-03 13:00:00,0.9782,0.0,5.2255,1.0289,2.0071,0.0,0.0
2025-01-03 14:00:00,1.1126,0.0,6.2825,1.0341,2.1468,0.0,0.0
2025-01-03 15:00:00,0.8666,0.0,7.1058,1.0694,1.936,0.0,0.0
2025-01-03 16:00:00,2.2784,0.0,9.2702,1.6834,1.5942,2.3676,0.0
2025-01-03 17:00:00,0.0,0.9932,8.2247,1.8166,0.8233,0.0,0.0
2025-01-03 18:00:00,0.0,1.9876,6.1325,1.9876,0.0,0.0,0.0
2025-01-03 19:00:00,0.0,1.8534,4.1816,1.8534,0.0,0.0,0.0
2025-01-03 20:00:00,0.0,1.8663,2.2171,1.8663,0.0,0.0,0.0
2025-01-03 21:00:00,0.0,1.1562,1.0,1.1562,0.0,0.0,0.0
2025-01-04 09:00:00,0.8602,0.0,1.8172,1.3035,2.1637,0.0,0.0
2025-01-04 10:00:00,1.0043,0.0,2.7713,1.2842,2.2885,0.0,0.0
2025-01-04 11:00:00,0.6543,0.0,3.3928,0.9927,1.647,0.0,0.0
2025-01-04 12:00:00,0.8257,0.0,4.1772,0.9296,1.7553,0.0,0.0
2025-01-04 13:00:00,0.5875,0.0,4.7354,1.0786,1.6661,0.0,0.0
2025-01-04 14:00:00,1.1445,0.0,5.8226,1.0603,2.2048,0.0,0.0
2025-01-04 15:00:00,0.9015,0.0,6.6791,0.9569,1.8584,0.0,0.0
2025-01-04 16:00:00,1.8316,0.0,8.4191,1.3045,1.4557,1.6804,0.0
2025-01-04 17:00:00,0.0,0.8897,7.4825,1.6672,0.7775,0.0,0.0
2025-01-04 18:00:00,0.0,1.6421,5.754,1.6421,0.0,0.0,0.0
2025-01-04 19:00:00,0.0,1.6523,4.0148,1.6523,0.0,0.0,0.0
2025-01-04 20:00:00,0.0,1.7279,2.1959,1.7279,0.0,0.0,0.0
2025-01-04 21:00:00,0.0,1.1361,1.0,1.1361,0.0,0.0,0.0
2025-01-05 08:00:00,0.1319,0.0,1.1253,1.4399,1.5718,0.0,0.0
2025-01-05 10:00:00,0.7899,0.0,1.8757,1.5039,2.2938,0.0,0.0
2025-01-05 11:00:00,1.0182,0.0,2.8431,0.988,2.0062,0.0,0.0
2025-01-05 12:00:00,0.7119,0.0,3.5194,0.9516,1.6635,0.0,0.0
2025-01-05 13:00:00,1.1794,0.0,4.6398,0.9999,2.1794,0.0,0.0
2025-01-05 14:00:00,1.0411,0.0,5.6289,0.9253,1.9664,0.0,0.0
2025-01-05 15:00:00,1.0525,0.0,6.6287,1.0073,2.0598,0.0,0.0
2025-01-05 16:00:00,1.7628,0.0,8.3034,1.3383,1.3393,1.7618,0.0
2025-01-05 17:00:00,0.0,0.7602,7.5032,1.6396,0.8794,0.0,0.0
2025-01-05 18:00:00,0.0,1.6619,5.7538,1.6619,0.0,0.0,0.0
2025-01-05 19:00:00,0.0,1.7762,3.8842,1.7762,0.0,0.0,0.0
2025-01-05 20:00:00,0.0,1.7286,2.0646,1.7286,0.0,0.0,0.0
2025-01-05 21:00:00,0.0,1.0114,1.0,1.0114,0.0,0.0,0.0
2025-01-06 09:00:00,0.5029,0.0,1.4778,1.3662,1.8691,0.0,0.0
2025-01-06 10:00:00,0.061,0.0,1.5357,1.3462,1.4072,0.0,0.0
2025-01-06 11:00:00,0.6585,0.0,2.1613,1.0349,1.6934,0.0,0.0
2025-01-06 12:00:00,0.9392,0.0,3.0535,1.1361,2.0754,0.0,0.0
2025-01-06 13:00:00,0.5842,0.0,3.6085,1.1009,1.6851,0.0,0.0
2025-01-06 14:00:00,0.6133,0.0,4.1912,1.0087,1.622,0.0,0.0
2025-01-06 15:00:00,2.0882,0.0,6.175,1.0499,2.0768,1.0613,0.0
2025-01-06 16:00:00,3.5,0.0,9.5,1.3197,1.5079,3.3118,0.0
2025-01-06 17:00:00,0.0,1.0775,8.3658,1.8203,0.7429,0.0,0.0
2025-01-06 18:00:00,0.0,1.985,6.2764,1.985,0.0,0.0,0.0
2025-01-06 19:00:00,0.0,1.9805,4.1916,1.9805,0.0,0.0,0.0
2025-01-06 20:00:00,0.0,1.9959,2.0907,1.9959,0.0,0.0,0.0
2025-01-06 21:00:00,0.0,1.0361,1.0,1.2406,0.0,0.2045,0.0
2025-01-07 09:00:00,0.6776,0.0,1.6437,1.431,2.1086,0.0,0.0
2025-01-07 10:00:00,1.2033,0.0,2.7868,1.4188,2.6221,0.0,0.0
2025-01-07 11:00:00,1.1196,0.0,3.8504,1.0962,2.2158,0.0,0.0
2025-01-07 12:00:00,1.3771,0.0,5.1586,1.1697,2.5468,0.0,0.0
2025-01-07 13:00:00,0.8056,0.0,5.924,1.1065,1.9122,0.0,0.0
2025-01-07 14:00:00,0.8709,0.0,6.7514,1.147,2.0179,0.0,0.0
2025-01-07 15:00:00,0.9713,0.0,7.6742,1.1721,2.1435,0.0,0.0
2025-01-07 16:00:00,1.9206,0.0,9.4987,1.338,1.3615,1.8971,0.0
2025-01-07 17:00:00,0.0,1.0894,8.352,1.9872,0.8978,0.0,0.0
2025-01-07 18:00:00,0.0,1.9602,6.2887,1.9602,0.0,0.0,0.0
2025-01-07 19:00:00,0.0,1.959,4.2266,1.959,0.0,0.0,0.0
2025-01-07 20:00:00,0.0,1.9892,2.1327,1.9892,0.0,0.0,0.0
2025-01-07 21:00:00,0.0,1.076,1.0,1.076,0.0,0.0,0.0
2025-01-08 09:00:00,0.6346,0.0,1.6029,1.4674,2.1021,0.0,0.0
2025-01-08 10:00:00,1.1066,0.0,2.6541,1.4335,2.54,0.0,0.0
2025-01-08 11:00:00,0.6669,0.0,3.2876,1.0541,1.721,0.0,0.0
2025-01-08 12:00:00,0.6096,0.0,3.8667,1.0315,1.6411,0.0,0.0
2025-01-08 13:00:00,0.906,0.0,4.7274,1.0876,1.9935,0.0,0.0
2025-01-08 14:00:00,0.7317,0.0,5.4225,1.1106,1.8423,0.0,0.0
2025-01-08 15:00:00,1.0618,0.0,6.4311,1.0959,2.1576,0.0,0.0
2025-01-08 16:00:00,3.2304,0.0,9.5,1.5871,1.3728,3.4446,0.0
2025-01-08 17:00:00,0.0,1.2144,8.2217,1.9701,0.7557,0.0,0.0
2025-01-08 18:00:00,0.0,1.9176,6.2031,1.9176,0.0,0.0,0.0
2025-01-08 19:00:00,0.0,1.8909,4.2127,1.8909,0.0,0.0,0.0
2025-01-08 20:00:00,0.0,1.9651,2.1442,1.9651,0.0,0.0,0.0
2025-01-08 21:00:00,0.0,1.087,1.0,1.0886,0.0,0.0016,0.0
2025-01-09 09:00:00,0.6025,0.0,1.5724,1.3963,1.9989,0.0,0.0
2025-01-09 10:00:00,1.1041,0.0,2.6213,1.3793,2.4833,0.0,0.0
2025-01-09 11:00:00,0.8118,0.0,3.3925,1.0072,1.8191,0.0,0.0
2025-01-09 12:00:00,1.2141,0.0,4.5459,1.1212,2.3353,0.0,0.0
2025-01-09 13:00:00,1.1584,0.0,5.6464,1.1699,2.3283,0.0,0.0
2025-01-09 14:00:00,0.852,0.0,6.4558,1.1856,2.0376,0.0,0.0
2025-01-09 15:00:00,1.264,0.0,7.6566,1.1676,2.4316,0.0,0.0
2025-01-09 16:00:00,1.9404,0.0,9.5,1.35,1.5817,1.7086,0.0
2025-01-09 17:00:00,0.0,1.1642,8.2745,1.926,0.7618,0.0,0.0
2025-01-09 18:00:00,0.0,1.9469,6.2251,1.9469,0.0,0.0,0.0
2025-01-09 19:00:00,0.0,1.942,4.1809,1.942,0.0,0.0,0.0
2025-01-09 20:00:00,0.0,1.996,2.0798,1.996,0.0,0.0,0.0
2025-01-09 21:00:00,0.0,1.0258,1.0,1.1835,0.0,0.1576,0.0
2025-01-10 09:00:00,0.6434,0.0,1.6112,1.5799,2.2233,0.0,0.0
2025-01-10 10:00:00,0.9894,0.0,2.5511,1.3594,2.3488,0.0,0.0
2025-01-10 11:00:00,1.1642,0.0,3.6571,1.0948,2.259,0.0,0.0
2025-01-10 12:00:00,0.8141,0.0,4.4305,1.0556,1.8698,0.0,0.0
2025-01-10 13:00:00,0.7876,0.0,5.1787,1.1222,1.9098,0.0,0.0
2025-01-10 14:00:00,1.0577,0.0,6.1835,1.0818,2.1394,0.0,0.0
2025-01-10 15:00:00,0.6357,0.0,6.7875,1.0634,1.6991,0.0,0.0
2025-01-10 16:00:00,2.745,0.0,9.3952,1.4896,1.5241,2.7105,0.0
2025-01-10 17:00:00,0.0,1.061,8.2783,1.9132,0.8521,0.0,0.0
2025-01-10 18:00:00,0.0,1.9305,6.2462,1.9305,0.0,0.0,0.0
2025-01-10 19:00:00,0.0,1.9098,4.2359,1.9098,0.0,0.0,0.0
2025-01-10 20:00:00,0.0,1.8863,2.2503,1.8863,0.0,0.0,0.0
2025-01-10 21:00:00,0.0,1.1878,1.0,1.1878,0.0,0.0,0.0
2025-01-11 08:00:00,0.0697,0.0,1.0662,1.375,1.4447,0.0,0.0
2025-01-11 09:00:00,0.9019,0.0,1.923,1.2323,2.1342,0.0,0.0
2025-01-11 10:00:00,1.4149,0.0,3.2672,1.1753,2.5902,0.0,0.0
2025-01-11 11:00:00,0.6188,0.0,3.8551,0.967,1.5858,0.0,0.0
2025-01-11 12:00:00,0.4655,0.0,4.2973,0.9215,1.3871,0.0,0.0
2025-01-11 13:00:00,1.134,0.0,5.3746,1.0792,2.2132,0.0,0.0
2025-01-11 14:00:00,0.9884,0.0,6.3136,1.0238,2.0121,0.0,0.0
2025-01-11 15:00:00,1.0089,0.0,7.272,1.0154,2.0242,0.0,0.0
2025-01-11 16:00:00,1.1754,0.0,8.3887,1.359,0.9716,1.5629,0.0
2025-01-11 17:00:00,0.0,0.9353,7.4042,1.7705,0.8353,0.0,0.0
2025-01-11 18:00:00,0.0,1.771,5.5399,1.771,0.0,0.0,0.0
2025-01-11 19:00:00,0.0,1.7007,3.7498,1.7007,0.0,0.0,0.0
2025-01-11 20:00:00,0.0,1.6907,1.9701,1.6907,0.0,0.0,0.0
2025-01-11 21:00:00,0.0,0.9216,1.0,0.9216,0.0,0.0,0.0
2025-01-12 09:00:00,0.4149,0.0,1.3941,1.4113,1.8262,0.0,0.0
2025-01-12 10:00:00,1.0119,0.0,2.3554,1.302,2.3138,0.0,0.0
2025-01-12 11:00:00,1.1009,0.0,3.4013,1.052,2.1529,0.0,0.0
2025-01-12 12:00:00,0.8651,0.0,4.2231,1.0534,1.9184,0.0,0.0
2025-01-12 13:00:00,0.9032,0.0,5.0812,1.0057,1.9089,0.0,0.0
2025-01-12 14:00:00,0.5918,0.0,5.6433,0.9898,1.5815,0.0,0.0
2025-01-12 15:00:00,0.5638,0.0,6.1789,0.9717,1.5355,0.0,0.0
2025-01-12 16:00:00,2.2738,0.0,8.339,1.2339,1.3972,2.1105,0.0
2025-01-12 17:00:00,0.0,0.809,7.4874,1.6245,0.8155,0.0,0.0
2025-01-12 18:00:00,0.0,1.6754,5.7239,1.6754,0.0,0.0,0.0
2025-01-12 19:00:00,0.0,1.67,3.966,1.67,0.0,0.0,0.0
2025-01-12 20:00:00,0.0,1.7466,2.1275,1.7466,0.0,0.0,0.0
2025-01-12 21:00:00,0.0,1.0711,1.0,1.0711,0.0,0.0,0.0
2025-01-13 09:00:00,0.3624,0.0,1.3443,1.5935,1.9559,0.0,0.0
2025-01-13 10:00:00,1.0202,0.0,2.3135,1.3496,2.3698,0.0,0.0
2025-01-13 11:00:00,1.0627,0.0,3.3231,1.0979,2.1606,0.0,0.0
2025-01-13 12:00:00,0.992,0.0,4.2655,1.1956,2.1876,0.0,0.0
2025-01-13 13:00:00,0.9109,0.0,5.1308,1.017,1.9278,0.0,0.0
2025-01-13 14:00:00,1.227,0.0,6.2965,1.1849,2.4119,0.0,0.0
2025-01-13 15:00:00,1.0147,0.0,7.2604,1.0745,2.0892,0.0,0.0
2025-01-13 16:00:00,2.0856,0.0,9.2417,1.5701,1.5912,2.0644,0.0
2025-01-13 17:00:00,0.0,1.0929,8.0913,1.9731,0.8802,0.0,0.0
2025-01-13 18:00:00,0.0,1.8098,6.1862,1.8098,0.0,0.0,0.0
2025-01-13 19:00:00,0.0,1.9716,4.1108,1.9716,0.0,0.0,0.0
2025-01-13 20:00:00,0.0,1.8009,2.2151,1.8009,0.0,0.0,0.0
2025-01-13 21:00:00,0.0,1.1544,1.0,1.1544,0.0,0.0,0.0
2025-01-14 09:00:00,0.6624,0.0,1.6293,1.5871,2.2494,0.0,0.0
2025-01-14 10:00:00,0.7878,0.0,2.3776,1.4185,2.2063,0.0,0.0
2025-01-14 11:00:00,0.9895,0.0,3.3177,1.115,2.1045,0.0,0.0
2025-01-14 12:00:00,0.9976,0.0,4.2654,1.119,2.1166,0.0,0.0
2025-01-14 13:00:00,0.7836,0.0,5.0098,1.0994,1.883,0.0,0.0
2025-01-14 14:00:00,0.5286,0.0,5.5119,1.0134,1.542,0.0,0.0
2025-01-14 15:00:00,0.8788,0.0,6.3468,1.0907,1.9694,0.0,0.0
2025-01-14 16:00:00,3.1131,0.0,9.3042,1.4682,1.584,2.9973,0.0
2025-01-14 17:00:00,0.0,1.0104,8.2406,1.9082,0.8978,0.0,0.0
2025-01-14 18:00:00,0.0,1.847,6.2964,1.847,0.0,0.0,0.0
2025-01-14 19:00:00,0.0,1.9059,4.2902,1.9059,0.0,0.0,0.0
2025-01-14 20:00:00,0.0,1.9485,2.2392,1.9485,0.0,0.0,0.0
2025-01-14 21:00:00,0.0,1.1772,1.0,1.1772,0.0,0.0,0.0
2025-01-15 09:00:00,0.4718,0.0,1.4482,1.3741,1.8458,0.0,0.0
2025-01-15 10:00:00,0.8456,0.0,2.2515,1.5612,2.4068,0.0,0.0
2025-01-15 11:00:00,0.7065,0.0,2.9227,1.0866,1.7931,0.0,0.0
2025-01-15 12:00:00,0.8022,0.0,3.6848,1.0206,1.8228,0.0,0.0
2025-01-15 13:00:00,1.1118,0.0,4.7409,1.0131,2.1249,0.0,0.0
2025-01-15 14:00:00,0.7052,0.0,5.4109,1.0625,1.7678,0.0,0.0
2025-01-15 15:00:00,0.8043,0.0,6.175,1.0769,1.6593,0.2219,0.0
2025-01-15 16:00:00,3.5,0.0,9.5,1.3828,1.4647,3.4181,0.0
2025-01-15 17:00:00,0.0,1.3736,8.0541,1.8833,0.5097,0.0,0.0
2025-01-15 18:00:00,0.0,1.9726,5.9777,1.9726,0.0,0.0,0.0
2025-01-15 19:00:00,0.0,1.8979,3.9799,1.8979,0.0,0.0,0.0
2025-01-15 20:00:00,0.0,1.8666,2.0151,1.8666,0.0,0.0,0.0
2025-01-15 21:00:00,0.0,0.9643,1.0,1.1294,0.0,0.1651,0.0
2025-01-16 08:00:00,0.0753,0.0,1.0716,1.5237,1.599,0.0,0.0
2025-01-16 10:00:00,0.918,0.0,1.9436,1.3442,2.2622,0.0,0.0
2025-01-16 11:00:00,0.7763,0.0,2.6811,1.1138,1.8902,0.0,0.0
2025-01-16 12:00:00,0.7062,0.0,3.352,1.001,1.7071,0.0,0.0
2025-01-16 13:00:00,0.9947,0.0,4.297,1.0326,2.0272,0.0,0.0
2025-01-16 14:00:00,0.9352,0.0,5.1854,1.0508,1.986,0.0,0.0
2025-01-16 15:00:00,1.1753,0.0,6.3019,1.1207,2.296,0.0,0.0
2025-01-16 16:00:00,2.9478,0.0,9.1023,1.6253,1.5997,2.9733,0.0
2025-01-16 17:00:00,0.0,1.1109,7.9329,1.9202,0.8092,0.0,0.0
2025-01-16 18:00:00,0.0,1.8635,5.9713,1.8635,0.0,0.0,0.0
2025-01-16 19:00:00,0.0,1.8693,4.0036,1.8693,0.0,0.0,0.0
2025-01-16 20:00:00,0.0,1.8038,2.1049,1.8038,0.0,0.0,0.0
2025-01-16 21:00:00,0.0,1.0496,1.0,1.0497,0.0,0.0,0.0
2025-01-17 09:00:00,0.3824,0.0,1.3633,1.6589,2.0413,0.0,0.0
2025-01-17 10:00:00,0.6116,0.0,1.9442,1.5487,2.1603,0.0,0.0
2025-01-17 11:00:00,1.0798,0.0,2.97,1.1189,2.1987,0.0,0.0
2025-01-17 12:00:00,0.9157,0.0,3.8399,1.1672,2.0829,0.0,0.0
2025-01-17 13:00:00,1.1193,0.0,4.9032,1.0463,2.1656,0.0,0.0
2025-01-17 14:00:00,0.6922,0.0,5.5609,1.1222,1.8144,0.0,0.0
2025-01-17 15:00:00,0.6138,0.0,6.1439,1.1355,1.7213,0.028,0.0
2025-01-17 16:00:00,3.5,0.0,9.4689,1.6034,1.4731,3.6303,0.0
2025-01-17 17:00:00,0.0,1.0798,8.3324,1.9029,0.8232,0.0,0.0
2025-01-17 18:00:00,0.0,1.904,6.3281,1.904,0.0,0.0,0.0
2025-01-17 19:00:00,0.0,1.9779,4.2461,1.9779,0.0,0.0,0.0
2025-01-17 20:00:00,0.0,1.879,2.2682,1.879,0.0,0.0,0.0
2025-01-17 21:00:00,0.0,1.2048,1.0,1.2048,0.0,0.0,0.0
2025-01-18 09:00:00,0.6637,0.0,1.6305,1.4954,2.1592,0.0,0.0
2025-01-18 10:00:00,1.324,0.0,2.8883,1.206,2.5299,0.0,0.0
2025-01-18 11:00:00,0.5091,0.0,3.3719,0.9042,1.4132,0.0,0.0
2025-01-18 12:00:00,1.0353,0.0,4.3555,1.0295,2.0648,0.0,0.0
2025-01-18 13:00:00,0.7883,0.0,5.1043,0.9574,1.7457,0.0,0.0
2025-01-18 14:00:00,0.5967,0.0,5.6712,0.9736,1.5704,0.0,0.0
2025-01-18 15:00:00,0.8373,0.0,6.4666,0.9842,1.8214,0.0,0.0
2025-01-18 16:00:00,1.8932,0.0,8.2651,1.3119,0.9691,2.236,0.0
2025-01-18 17:00:00,0.0,0.8348,7.3864,1.7432,0.9084,0.0,0.0
2025-01-18 18:00:00,0.0,1.6638,5.635,1.6638,0.0,0.0,0.0
2025-01-18 19:00:00,0.0,1.7786,3.7628,1.7786,0.0,0.0,0.0
2025-01-18 20:00:00,0.0,1.6701,2.0048,1.6701,0.0,0.0,0.0
2025-01-18 21:00:00,0.0,0.9546,1.0,0.9546,0.0,0.0,0.0
2025-01-19 10:00:00,0.9054,0.0,1.8602,1.2796,2.1851,0.0,0.0
2025-01-19 11:00:00,0.6383,0.0,2.4666,1.0522,1.6906,0.0,0.0
2025-01-19 12:00:00,0.9181,0.0,3.3387,0.9298,1.8478,0.0,0.0
2025-01-19 13:00:00,0.8556,0.0,4.1516,1.0534,1.909,0.0,0.0
2025-01-19 14:00:00,0.7309,0.0,4.846,0.9533,1.6842,0.0,0.0
2025-01-19 15:00:00,0.7372,0.0,5.5463,1.0368,1.774,0.0,0.0
2025-01-19 16:00:00,2.9083,0.0,8.3092,1.509,1.5801,2.8371,0.0
2025-01-19 17:00:00,0.0,0.7495,7.5202,1.6381,0.8885,0.0,0.0
2025-01-19 18:00:00,0.0,1.6523,5.7809,1.6523,0.0,0.0,0.0
2025-01-19 19:00:00,0.0,1.6642,4.0292,1.6642,0.0,0.0,0.0
2025-01-19 20:00:00,0.0,1.7478,2.1893,1.7478,0.0,0.0,0.0
2025-01-19 21:00:00,0.0,1.1299,1.0,1.1299,0.0,0.0,0.0
2025-01-20 08:00:00,0.061,0.0,1.058,1.5659,1.6269,0.0,0.0
2025-01-20 09:00:00,0.3808,0.0,1.4197,1.4928,1.8736,0.0,0.0
2025-01-20 10:00:00,0.7466,0.0,2.129,1.5218,2.2684,0.0,0.0
2025-01-20 11:00:00,0.9468,0.0,3.0285,1.006,1.9529,0.0,0.0
2025-01-20 12:00:00,0.8017,0.0,3.7901,1.0643,1.866,0.0,0.0
2025-01-20 13:00:00,0.6063,0.0,4.3661,1.0801,1.6864,0.0,0.0
2025-01-20 14:00:00,0.6978,0.0,5.029,1.1977,1.8955,0.0,0.0
2025-01-20 15:00:00,1.2833,0.0,6.2482,1.0938,2.3771,0.0,0.0
2025-01-20 16:00:00,3.1878,0.0,9.2765,1.4366,1.1187,3.5056,0.0
2025-01-20 17:00:00,0.0,1.0879,8.1314,1.9589,0.871,0.0,0.0
2025-01-20 18:00:00,0.0,1.9587,6.0696,1.9587,0.0,0.0,0.0
2025-01-20 19:00:00,0.0,1.8876,4.0826,1.8876,0.0,0.0,0.0
2025-01-20 20:00:00,0.0,1.9278,2.0534,1.9278,0.0,0.0,0.0
2025-01-20 21:00:00,0.0,1.0007,1.0,1.0007,0.0,0.0,0.0
2025-01-21 09:00:00,0.8098,0.0,1.7693,1.3709,2.1807,0.0,0.0
2025-01-21 10:00:00,1.2932,0.0,2.9979,1.3161,2.6093,0.0,0.0
2025-01-21 11:00:00,1.3063,0.0,4.2389,1.1499,2.4562,0.0,0.0
2025-01-21 12:00:00,1.1204,0.0,5.3033,1.132,2.2524,0.0,0.0
2025-01-21 13:00:00,0.7364,0.0,6.0029,1.0733,1.8096,0.0,0.0
2025-01-21 14:00:00,1.3108,0.0,7.2482,1.1124,2.4232,0.0,0.0
2025-01-21 15:00:00,1.2347,0.0,8.4212,1.1814,2.4162,0.0,0.0
2025-01-21 16:00:00,0.9753,0.0,9.3477,1.4369,1.48,0.9322,0.0
2025-01-21 17:00:00,0.0,1.0609,8.231,1.8252,0.7643,0.0,0.0
2025-01-21 18:00:00,0.0,1.9311,6.1982,1.9311,0.0,0.0,0.0
2025-01-21 19:00:00,0.0,1.8653,4.2347,1.8653,0.0,0.0,0.0
2025-01-21 20:00:00,0.0,1.8396,2.2984,1.8396,0.0,0.0,0.0
2025-01-21 21:00:00,0.0,1.2334,1.0,1.2334,0.0,0.0,0.0
2025-01-22 09:00:00,0.418,0.0,1.3971,1.6904,2.1084,0.0,0.0
2025-01-22 10:00:00,1.2908,0.0,2.6233,1.3093,2.6001,0.0,0.0
2025-01-22 11:00:00,1.1241,0.0,3.6912,1.122,2.2462,0.0,0.0
2025-01-22 12:00:00,0.9537,0.0,4.5972,1.1708,2.1245,0.0,0.0
2025-01-22 13:00:00,0.7582,0.0,5.3175,1.098,1.8562,0.0,0.0
2025-01-22 14:00:00,0.5952,0.0,5.883,1.0488,1.644,0.0,0.0
2025-01-22 15:00:00,1.3227,0.0,7.1395,1.1687,2.4914,0.0,0.0
2025-01-22 16:00:00,2.2556,0.0,9.2823,1.6059,1.4935,2.3679,0.0
2025-01-22 17:00:00,0.0,1.0397,8.1878,1.8913,0.8516,0.0,0.0
2025-01-22 18:00:00,0.0,1.8579,6.2322,1.8579,0.0,0.0,0.0
2025-01-22 19:00:00,0.0,1.882,4.2511,1.882,0.0,0.0,0.0
2025-01-22 20:00:00,0.0,1.8438,2.3103,1.8438,0.0,0.0,0.0
2025-01-22 21:00:00,0.0,1.2448,1.0,1.2448,0.0,0.0,0.0
2025-01-23 09:00:00,0.6867,0.0,1.6524,1.3279,2.0146,0.0,0.0
2025-01-23 10:00:00,1.0789,0.0,2.6774,1.4082,2.4872,0.0,0.0
2025-01-23 11:00:00,0.8374,0.0,3.4729,1.0224,1.8597,0.0,0.0
2025-01-23 12:00:00,0.696,0.0,4.1341,1.0847,1.7807,0.0,0.0
2025-01-23 13:00:00,0.8122,0.0,4.9056,1.1372,1.9494,0.0,0.0
2025-01-23 14:00:00,1.0864,0.0,5.9378,1.1999,2.2863,0.0,0.0
2025-01-23 15:00:00,0.7145,0.0,6.6166,1.1456,1.8601,0.0,0.0
2025-01-23 16:00:00,3.0352,0.0,9.5,1.4845,1.3505,3.1692,0.0
2025-01-23 17:00:00,0.0,1.0568,8.3876,1.9344,0.8777,0.0,0.0
2025-01-23 18:00:00,0.0,1.9664,6.3177,1.9664,0.0,0.0,0.0
2025-01-23 19:00:00,0.0,1.8643,4.3553,1.8643,0.0,0.0,0.0
2025-01-23 20:00:00,0.0,1.9498,2.3029,1.9498,0.0,0.0,0.0
2025-01-23 21:00:00,0.0,1.2378,1.0,1.2404,0.0,0.0027,0.0
2025-01-24 09:00:00,0.3982,0.0,1.3783,1.6443,2.0425,0.0,0.0
2025-01-24 10:00:00,0.2316,0.0,1.5983,1.6277,1.8593,0.0,0.0
2025-01-24 11:00:00,1.2619,0.0,2.7971,1.1476,2.4094,0.0,0.0
2025-01-24 12:00:00,1.1349,0.0,3.8753,1.1008,2.2358,0.0,0.0
2025-01-24 13:00:00,1.0775,0.0,4.8989,1.0736,2.151,0.0,0.0
2025-01-24 14:00:00,0.9231,0.0,5.7758,1.1503,2.0734,0.0,0.0
2025-01-24 15:00:00,0.9722,0.0,6.6995,1.0353,2.0075,0.0,0.0
2025-01-24 16:00:00,2.8425,0.0,9.3998,1.4594,1.3791,2.9228,0.0
2025-01-24 17:00:00,0.0,1.1254,8.2152,1.9307,0.8054,0.0,0.0
2025-01-24 18:00:00,0.0,1.975,6.1363,1.975,0.0,0.0,0.0
2025-01-24 19:00:00,0.0,1.8385,4.201,1.8385,0.0,0.0,0.0
2025-01-24 20:00:00,0.0,1.8442,2.2598,1.8442,0.0,0.0,0.0
2025-01-24 21:00:00,0.0,1.1968,1.0,1.1968,0.0,0.0,0.0
2025-01-25 09:00:00,0.696,0.0,1.6612,1.3579,2.0538,0.0,0.0
2025-01-25 11:00:00,0.8527,0.0,2.4712,0.9382,1.7909,0.0,0.0
2025-01-25 12:00:00,0.889,0.0,3.3157,0.931,1.8199,0.0,0.0
2025-01-25 13:00:00,0.5511,0.0,3.8393,0.9857,1.5368,0.0,0.0
2025-01-25 14:00:00,0.7426,0.0,4.5448,0.9387,1.6813,0.0,0.0
2025-01-25 15:00:00,0.5409,0.0,5.0587,1.0223,1.5632,0.0,0.0
2025-01-25 16:00:00,3.3622,0.0,8.2528,1.2445,1.392,3.2147,0.0
2025-01-25 17:00:00,0.0,0.8522,7.3557,1.6442,0.7921,0.0,0.0
2025-01-25 18:00:00,0.0,1.6849,5.5821,1.6849,0.0,0.0,0.0
2025-01-25 19:00:00,0.0,1.6677,3.8267,1.6677,0.0,0.0,0.0
2025-01-25 20:00:00,0.0,1.7299,2.0057,1.7299,0.0,0.0,0.0
2025-01-25 21:00:00,0.0,0.9555,1.0,0.9555,0.0,0.0,0.0
2025-01-26 08:00:00,0.0298,0.0,1.0284,1.4958,1.5256,0.0,0.0
2025-01-26 09:00:00,0.7657,0.0,1.7558,1.4602,2.226,0.0,0.0
2025-01-26 10:00:00,1.3016,0.0,2.9923,1.3495,2.6511,0.0,0.0
2025-01-26 11:00:00,0.8192,0.0,3.7706,0.9685,1.7877,0.0,0.0
2025-01-26 12:00:00,0.6747,0.0,4.4115,0.923,1.5977,0.0,0.0
2025-01-26 13:00:00,0.5522,0.0,4.9361,0.9186,1.4708,0.0,0.0
2025-01-26 14:00:00,0.5521,0.0,5.4606,0.9646,1.5167,0.0,0.0
2025-01-26 15:00:00,0.9241,0.0,6.3385,1.014,1.938,0.0,0.0
2025-01-26 16:00:00,1.9794,0.0,8.2189,1.3109,1.4837,1.8066,0.0
2025-01-26 17:00:00,0.0,0.8681,7.3051,1.7222,0.8541,0.0,0.0
2025-01-26 18:00:00,0.0,1.7198,5.4948,1.7198,0.0,0.0,0.0
2025-01-26 19:00:00,0.0,1.6882,3.7178,1.6882,0.0,0.0,0.0
2025-01-26 20:00:00,0.0,1.637,1.9946,1.637,0.0,0.0,0.0
2025-01-26 21:00:00,0.0,0.9448,1.0,0.9448,0.0,0.0,0.0
2025-01-27 09:00:00,0.2398,0.0,1.2278,1.5722,1.8119,0.0,0.0
2025-01-27 10:00:00,0.8007,0.0,1.9885,1.5974,2.3981,0.0,0.0
2025-01-27 11:00:00,0.6771,0.0,2.6317,1.0932,1.7703,0.0,0.0
2025-01-27 12:00:00,1.2235,0.0,3.794,1.0661,2.2896,0.0,0.0
2025-01-27 13:00:00,1.0092,0.0,4.7528,1.113,2.1222,0.0,0.0
2025-01-27 14:00:00,0.8579,0.0,5.5678,1.155,2.0129,0.0,0.0
2025-01-27 15:00:00,1.09,0.0,6.6034,1.1931,2.2831,0.0,0.0
2025-01-27 16:00:00,2.8094,0.0,9.2723,1.375,1.626,2.5584,0.0
2025-01-27 17:00:00,0.0,1.0449,8.1724,1.8749,0.83,0.0,0.0
2025-01-27 18:00:00,0.0,1.8964,6.1763,1.8964,0.0,0.0,0.0
2025-01-27 19:00:00,0.0,1.9214,4.1537,1.9214,0.0,0.0,0.0
2025-01-27 20:00:00,0.0,1.885,2.1695,1.885,0.0,0.0,0.0
2025-01-27 21:00:00,0.0,1.111,1.0,1.111,0.0,0.0,0.0
2025-01-28 09:00:00,0.3539,0.0,1.3362,1.5089,1.8628,0.0,0.0
2025-01-28 10:00:00,0.8096,0.0,2.1053,1.3754,2.185,0.0,0.0
2025-01-28 11:00:00,0.6137,0.0,2.6884,1.1895,1.8032,0.0,0.0
2025-01-28 12:00:00,1.3992,0.0,4.0176,1.1949,2.5941,0.0,0.0
2025-01-28 13:00:00,0.9836,0.0,4.952,1.1743,2.1579,0.0,0.0
2025-01-28 14:00:00,1.1383,0.0,6.0334,1.0862,2.2245,0.0,0.0
2025-01-28 15:00:00,0.6688,0.0,6.6687,1.1987,1.8675,0.0,0.0
2025-01-28 16:00:00,2.6296,0.0,9.1668,1.5823,1.6343,2.5776,0.0
2025-01-28 17:00:00,0.0,0.9221,8.1962,1.809,0.8869,0.0,0.0
2025-01-28 18:00:00,0.0,1.8235,6.2767,1.8235,0.0,0.0,0.0
2025-01-28 19:00:00,0.0,1.8312,4.3492,1.8312,0.0,0.0,0.0
2025-01-28 20:00:00,0.0,1.907,2.3418,1.907,0.0,0.0,0.0
2025-01-28 21:00:00,0.0,1.2747,1.0,1.2747,0.0,0.0,0.0
2025-01-29 09:00:00,0.4263,0.0,1.4049,1.6183,2.0446,0.0,0.0
2025-01-29 10:00:00,0.8497,0.0,2.2121,1.6596,2.5093,0.0,0.0
2025-01-29 11:00:00,0.9219,0.0,3.0879,1.0966,2.0184,0.0,0.0
2025-01-29 12:00:00,0.9045,0.0,3.9472,1.0723,1.9768,0.0,0.0
2025-01-29 13:00:00,1.1744,0.0,5.0629,1.0155,2.1899,0.0,0.0
2025-01-29 14:00:00,1.0678,0.0,6.0772,1.1861,2.2539,0.0,0.0
2025-01-29 15:00:00,0.8576,0.0,6.892,1.0315,1.8891,0.0,0.0
2025-01-29 16:00:00,2.7453,0.0,9.5,1.3875,1.6454,2.4874,0.0
2025-01-29 17:00:00,0.0,1.2531,8.1809,1.9954,0.7423,0.0,0.0
2025-01-29 18:00:00,0.0,1.8307,6.2539,1.8307,0.0,0.0,0.0
2025-01-29 19:00:00,0.0,1.9137,4.2394,1.9137,0.0,0.0,0.0
2025-01-29 20:00:00,0.0,1.9825,2.1526,1.9825,0.0,0.0,0.0
2025-01-29 21:00:00,0.0,1.095,1.0,1.1612,0.0,0.0662,0.0
2025-01-30 09:00:00,0.3338,0.0,1.3171,1.5691,1.9029,0.0,0.0
2025-01-30 10:00:00,0.9935,0.0,2.2609,1.5888,2.5822,0.0,0.0
2025-01-30 11:00:00,0.7127,0.0,2.9379,1.0376,1.7503,0.0,0.0
2025-01-30 12:00:00,0.8082,0.0,3.7057,1.1039,1.9121,0.0,0.0
2025-01-30 13:00:00,1.0365,0.0,4.6903,1.199,2.2354,0.0,0.0
2025-01-30 14:00:00,0.8753,0.0,5.5219,1.0844,1.9597,0.0,0.0
2025-01-30 15:00:00,0.6875,0.0,6.175,1.0456,1.5842,0.1489,0.0
2025-01-30 16:00:00,3.5,0.0,9.5,1.6926,1.6322,3.5603,0.0
2025-01-30 17:00:00,0.0,1.0599,8.3843,1.8951,0.8352,0.0,0.0
2025-01-30 18:00:00,0.0,1.9296,6.3531,1.9296,0.0,0.0,0.0
2025-01-30 19:00:00,0.0,1.9276,4.324,1.9276,0.0,0.0,0.0
2025-01-30 20:00:00,0.0,1.9712,2.249,1.9712,0.0,0.0,0.0
2025-01-30 21:00:00,0.0,1.1866,1.0,1.1893,0.0,0.0027,0.0
2025-01-31 09:00:00,0.7915,0.0,1.7519,1.409,2.2005,0.0,0.0
2025-01-31 10:00:00,0.36,0.0,2.094,1.3618,1.7218,0.0,0.0
2025-01-31 11:00:00,1.1926,0.0,3.2269,1.1059,2.2985,0.0,0.0
2025-01-31 12:00:00,1.287,0.0,4.4495,1.1416,2.4286,0.0,0.0
2025-01-31 13:00:00,0.6554,0.0,5.0722,1.0957,1.7511,0.0,0.0
2025-01-31 14:00:00,0.9426,0.0,5.9676,1.0617,2.0042,0.0,0.0
2025-01-31 15:00:00,0.6572,0.0,6.592,1.141,1.7982,0.0,0.0
2025-01-31 16:00:00,2.9076,0.0,9.3542,1.6129,1.605,2.9154,0.0
2025-01-31 17:00:00,0.0,1.1122,8.1835,1.8896,0.7775,0.0,0.0
2025-01-31 18:00:00,0.0,1.8722,6.2128,1.8722,0.0,0.0,0.0
2025-01-31 19:00:00,0.0,1.8784,4.2355,1.8784,0.0,0.0,0.0
2025-01-31 20:00:00,0.0,1.8482,2.29,1.8482,0.0,0.0,0.0
2025-01-31 21:00:00,0.0,1.2255,1.0,1.2255,0.0,0.0,0.0
2025-02-01 10:00:00,1.0088,0.0,1.9584,1.3418,2.3506,0.0,0.0
2025-02-01 11:00:00,0.9728,0.0,2.8825,1.0023,1.975,0.0,0.0
2025-02-01 12:00:00,0.6408,0.0,3.4913,0.9196,1.5604,0.0,0.0
2025-02-01 13:00:00,1.0122,0.0,4.4528,1.0526,2.0648,0.0,0.0
2025-02-01 14:00:00,1.0696,0.0,5.469,1.0602,2.1298,0.0,0.0
2025-02-01 15:00:00,0.9843,0.0,6.4041,0.9483,1.9326,0.0,0.0
2025-02-01 16:00:00,2.4013,0.0,8.6854,1.2941,1.4321,2.2633,0.0
2025-02-01 17:00:00,0.0,1.1657,7.4583,1.6506,0.4849,0.0,0.0
2025-02-01 18:00:00,0.0,1.7909,5.5732,1.7909,0.0,0.0,0.0
2025-02-01 19:00:00,0.0,1.7426,3.7389,1.7426,0.0,0.0,0.0
2025-02-01 20:00:00,0.0,1.6546,1.9972,1.6546,0.0,0.0,0.0
2025-02-01 21:00:00,0.0,0.9474,1.0,0.9474,0.0,0.0,0.0
2025-02-02 09:00:00,0.5208,0.0,1.4948,1.2467,1.7676,0.0,0.0
2025-02-02 10:00:00,0.0828,0.0,1.5735,1.5279,1.6107,0.0,0.0
2025-02-02 11:00:00,0.5716,0.0,2.1165,0.9934,1.565,0.0,0.0
2025-02-02 12:00:00,1.1083,0.0,3.1694,0.9711,2.0794,0.0,0.0
2025-02-02 13:00:00,0.6175,0.0,3.756,0.934,1.5515,0.0,0.0
2025-02-02 14:00:00,0.519,0.0,4.249,0.9863,1.5053,0.0,0.0
2025-02-02 15:00:00,1.0522,0.0,5.2486,1.0243,1.9342,0.1422,0.0
2025-02-02 16:00:00,3.5,0.0,8.5736,1.3152,1.4153,3.3999,0.0
2025-02-02 17:00:00,0.0,1.0001,7.5209,1.7514,0.7513,0.0,0.0
2025-02-02 18:00:00,0.0,1.7043,5.7269,1.7043,0.0,0.0,0.0
2025-02-02 19:00:00,0.0,1.7035,3.9337,1.7035,0.0,0.0,0.0
2025-02-02 20:00:00,0.0,1.6721,2.1736,1.6721,0.0,0.0,0.0
2025-02-02 21:00:00,0.0,1.1149,1.0,1.1149,0.0,0.0,0.0
2025-02-03 09:00:00,0.262,0.0,1.2489,1.6404,1.9024,0.0,0.0
2025-02-03 10:00:00,0.9762,0.0,2.1764,1.3202,2.2964,0.0,0.0
2025-02-03 11:00:00,0.8537,0.0,2.9873,1.1238,1.9774,0.0,0.0
2025-02-03 12:00:00,1.2496,0.0,4.1745,1.1562,2.4058,0.0,0.0
2025-02-03 13:00:00,1.1598,0.0,5.2763,1.0882,2.2481,0.0,0.0
2025-02-03 14:00:00,0.8295,0.0,6.0644,1.149,1.9785,0.0,0.0
2025-02-03 15:00:00,1.2342,0.0,7.2369,1.0576,2.2918,0.0,0.0
2025-02-03 16:00:00,2.0869,0.0,9.2195,1.5012,1.5276,2.0605,0.0
2025-02-03 17:00:00,0.0,0.9783,8.1897,1.879,0.9008,0.0,0.0
2025-02-03 18:00:00,0.0,1.8494,6.2431,1.8494,0.0,0.0,0.0
2025-02-03 19:00:00,0.0,1.9046,4.2382,1.9046,0.0,0.0,0.0
2025-02-03 20:00:00,0.0,1.8377,2.3038,1.8377,0.0,0.0,0.0
2025-02-03 21:00:00,0.0,1.2386,1.0,1.2386,0.0,0.0,0.0
2025-02-04 09:00:00,0.4648,0.0,1.4415,1.6081,2.0729,0.0,0.0
2025-02-04 10:00:00,0.583,0.0,1.9954,1.5634,2.1464,0.0,0.0
2025-02-04 11:00:00,0.7346,0.0,2.6933,1.044,1.7786,0.0,0.0
2025-02-04 12:00:00,0.9458,0.0,3.5918,1.0991,2.045,0.0,0.0
2025-02-04 13:00:00,0.7967,0.0,4.3487,1.173,1.9697,0.0,0.0
2025-02-04 14:00:00,1.3736,0.0,5.6536,1.189,2.5626,0.0,0.0
2025-02-04 15:00:00,0.6469,0.0,6.2682,1.0515,1.6984,0.0,0.0
2025-02-04 16:00:00,3.3421,0.0,9.4432,1.6543,1.5104,3.486,0.0
2025-02-04 17:00:00,0.0,1.1802,8.2009,1.9558,0.7756,0.0,0.0
2025-02-04 18:00:00,0.0,1.8054,6.3004,1.8054,0.0,0.0,0.0
2025-02-04 19:00:00,0.0,1.9271,4.2719,1.9271,0.0,0.0,0.0
2025-02-04 20:00:00,0.0,1.9488,2.2205,1.9488,0.0,0.0,0.0
2025-02-04 21:00:00,0.0,1.1595,1.0,1.1595,0.0,0.0,0.0
2025-02-05 09:00:00,0.5048,0.0,1.4796,1.3285,1.8333,0.0,0.0
2025-02-05 10:00:00,1.0898,0.0,2.5149,1.353,2.4428,0.0,0.0
2025-02-05 11:00:00,0.6138,0.0,3.0979,1.1549,1.7686,0.0,0.0
2025-02-05 12:00:00,0.9073,0.0,3.9599,1.1277,2.035,0.0,0.0
2025-02-05 13:00:00,1.3016,0.0,5.1963,1.0895,2.391,0.0,0.0
2025-02-05 14:00:00,1.1623,0.0,6.3006,1.0339,2.1963,0.0,0.0
2025-02-05 15:00:00,1.0555,0.0,7.3032,1.0307,2.0862,0.0,0.0
2025-02-05 16:00:00,1.9288,0.0,9.1356,1.4321,1.6188,1.7421,0.0
2025-02-05 17:00:00,0.0,1.0258,8.0558,1.8156,0.7897,0.0,0.0
2025-02-05 18:00:00,0.0,1.8433,6.1155,1.8433,0.0,0.0,0.0
2025-02-05 19:00:00,0.0,1.859,4.1587,1.859,0.0,0.0,0.0
2025-02-05 20:00:00,0.0,1.9138,2.1442,1.9138,0.0,0.0,0.0
2025-02-05 21:00:00,0.0,1.087,1.0,1.087,0.0,0.0,0.0
2025-02-06 09:00:00,0.4943,0.0,1.4696,1.5183,2.0127,0.0,0.0
2025-02-06 10:00:00,1.1286,0.0,2.5418,1.4997,2.6282,0.0,0.0
2025-02-06 11:00:00,1.2341,0.0,3.7141,1.0984,2.3324,0.0,0.0
2025-02-06 12:00:00,1.2914,0.0,4.941,1.1475,2.4389,0.0,0.0
2025-02-06 13:00:00,0.9463,0.0,5.84,1.0963,2.0427,0.0,0.0
2025-02-06 14:00:00,0.7887,0.0,6.5892,1.0937,1.8824,0.0,0.0
2025-02-06 15:00:00,1.078,0.0,7.6134,1.0362,2.1142,0.0,0.0
2025-02-06 16:00:00,1.9483,0.0,9.4642,1.3002,1.5898,1.6587,0.0
2025-02-06 17:00:00,0.0,1.2271,8.1725,1.9467,0.7196,0.0,0.0
2025-02-06 18:00:00,0.0,1.8309,6.2453,1.8309,0.0,0.0,0.0
2025-02-06 19:00:00,0.0,1.9253,4.2187,1.9253,0.0,0.0,0.0
2025-02-06 20:00:00,0.0,1.8652,2.2552,1.8652,0.0,0.0,0.0
2025-02-06 21:00:00,0.0,1.1925,1.0,1.1925,0.0,0.0,0.0
2025-02-07 09:00:00,0.2478,0.0,1.2354,1.644,1.8917,0.0,0.0
2025-02-07 10:00:00,0.7836,0.0,1.9798,1.5114,2.295,0.0,0.0
2025-02-07 11:00:00,1.0479,0.0,2.9753,1.088,2.1358,0.0,0.0
2025-02-07 12:00:00,0.8996,0.0,3.8299,1.1812,2.0808,0.0,0.0
2025-02-07 13:00:00,0.6025,0.0,4.4022,1.0642,1.6666,0.0,0.0
2025-02-07 14:00:00,1.1262,0.0,5.4721,1.1011,2.2272,0.0,0.0
2025-02-07 15:00:00,0.7862,0.0,6.2189,1.1498,1.936,0.0,0.0
2025-02-07 16:00:00,3.1231,0.0,9.1859,1.3509,1.5421,2.9319,0.0
2025-02-07 17:00:00,0.0,1.0167,8.1157,1.8893,0.8726,0.0,0.0
2025-02-07 18:00:00,0.0,1.9108,6.1043,1.9108,0.0,0.0,0.0
2025-02-07 19:00:00,0.0,1.8354,4.1723,1.8354,0.0,0.0,0.0
2025-02-07 20:00:00,0.0,1.9312,2.1395,1.9312,0.0,0.0,0.0
2025-02-07 21:00:00,0.0,1.0825,1.0,1.0825,0.0,0.0,0.0
2025-02-08 09:00:00,0.8832,0.0,1.839,1.243,2.1262,0.0,0.0
2025-02-08 10:00:00,1.011,0.0,2.7995,1.3858,2.3968,0.0,0.0
2025-02-08 11:00:00,1.1027,0.0,3.847,0.954,2.0567,0.0,0.0
2025-02-08 12:00:00,0.6288,0.0,4.4444,0.9404,1.5692,0.0,0.0
2025-02-08 13:00:00,0.6024,0.0,5.0167,1.028,1.6304,0.0,0.0
2025-02-08 14:00:00,1.099,0.0,6.0607,1.0159,2.1149,0.0,0.0
2025-02-08 15:00:00,0.6352,0.0,6.6641,1.0459,1.6811,0.0,0.0
2025-02-08 16:00:00,1.904,0.0,8.4729,1.341,1.4152,1.8298,0.0
2025-02-08 17:00:00,0.0,0.8109,7.6193,1.6277,0.8167,0.0,0.0
2025-02-08 18:00:00,0.0,1.6945,5.8356,1.6945,0.0,0.0,0.0
2025-02-08 19:00:00,0.0,1.7866,3.955,1.7866,0.0,0.0,0.0
2025-02-08 20:00:00,0.0,1.6562,2.2116,1.6562,0.0,0.0,0.0
2025-02-08 21:00:00,0.0,1.151,1.0,1.151,0.0,0.0,0.0
2025-02-09 09:00:00,0.985,0.0,1.9358,1.197,2.182,0.0,0.0
2025-02-09 10:00:00,0.9598,0.0,2.8476,1.3401,2.2998,0.0,0.0
2025-02-09 11:00:00,0.6721,0.0,3.486,1.0745,1.7466,0.0,0.0
2025-02-09 12:00:00,0.8566,0.0,4.2998,0.9315,1.788,0.0,0.0
2025-02-09 13:00:00,1.1897,0.0,5.4299,1.0697,2.2593,0.0,0.0
2025-02-09 14:00:00,0.6724,0.0,6.0687,1.0547,1.7271,0.0,0.0
2025-02-09 15:00:00,0.6767,0.0,6.7116,0.9435,1.6202,0.0,0.0
2025-02-09 16:00:00,1.7201,0.0,8.3457,1.2628,1.6624,1.3205,0.0
2025-02-09 17:00:00,0.0,0.8798,7.4196,1.6471,0.7673,0.0,0.0
2025-02-09 18:00:00,0.0,1.6812,5.65,1.6812,0.0,0.0,0.0
2025-02-09 19:00:00,0.0,1.7557,3.8019,1.7557,0.0,0.0,0.0
2025-02-09 20:00:00,0.0,1.6713,2.0426,1.6713,0.0,0.0,0.0
2025-02-09 21:00:00,0.0,0.9905,1.0,0.9905,0.0,0.0,0.0
2025-02-10 09:00:00,0.3057,0.0,1.2904,1.5088,1.8144,0.0,0.0
2025-02-10 10:00:00,0.935,0.0,2.1786,1.5458,2.4807,0.0,0.0
2025-02-10 11:00:00,1.0669,0.0,3.1921,1.0217,2.0886,0.0,0.0
2025-02-10 12:00:00,1.288,0.0,4.4158,1.0913,2.3794,0.0,0.0
2025-02-10 13:00:00,0.9148,0.0,5.2848,1.0756,1.9904,0.0,0.0
2025-02-10 14:00:00,0.6034,0.0,5.858,1.0044,1.6077,0.0,0.0
2025-02-10 15:00:00,0.5527,0.0,6.3831,1.0843,1.637,0.0,0.0
2025-02-10 16:00:00,3.0462,0.0,9.2769,1.677,1.3345,3.3887,0.0
2025-02-10 17:00:00,0.0,1.0751,8.1453,1.9528,0.8777,0.0,0.0
2025-02-10 18:00:00,0.0,1.9265,6.1174,1.9265,0.0,0.0,0.0
2025-02-10 19:00:00,0.0,1.8085,4.2138,1.8085,0.0,0.0,0.0
2025-02-10 20:00:00,0.0,1.889,2.2254,1.889,0.0,0.0,0.0
2025-02-10 21:00:00,0.0,1.1641,1.0,1.1641,0.0,0.0,0.0
2025-02-11 09:00:00,0.565,0.0,1.5367,1.672,2.237,0.0,0.0
2025-02-11 10:00:00,1.1882,0.0,2.6655,1.4035,2.5918,0.0,0.0
2025-02-11 11:00:00,0.72,0.0,3.3495,1.0896,1.8096,0.0,0.0
2025-02-11 12:00:00,0.6385,0.0,3.9561,1.078,1.7164,0.0,0.0
2025-02-11 13:00:00,1.0107,0.0,4.9162,1.0373,2.048,0.0,0.0
2025-02-11 14:00:00,0.6312,0.0,5.5158,1.0784,1.7095,0.0,0.0
2025-02-11 15:00:00,0.8854,0.0,6.357,1.0363,1.9217,0.0,0.0
2025-02-11 16:00:00,2.9403,0.0,9.1503,1.4421,1.5722,2.8102,0.0
2025-02-11 17:00:00,0.0,1.0036,8.0938,1.8933,0.8896,0.0,0.0
2025-02-11 18:00:00,0.0,1.9144,6.0786,1.9144,0.0,0.0,0.0
2025-02-11 19:00:00,0.0,1.8685,4.1118,1.8685,0.0,0.0,0.0
2025-02-11 20:00:00,0.0,1.8078,2.2088,1.8078,0.0,0.0,0.0
2025-02-11 21:00:00,0.0,1.1484,1.0,1.1484,0.0,0.0,0.0
2025-02-12 09:00:00,0.1467,0.0,1.1394,1.6711,1.8178,0.0,0.0
2025-02-12 10:00:00,0.9361,0.0,2.0287,1.3433,2.2794,0.0,0.0
2025-02-12 11:00:00,0.9924,0.0,2.9715,1.0066,1.999,0.0,0.0
2025-02-12 12:00:00,0.9754,0.0,3.8982,1.0757,2.0512,0.0,0.0
2025-02-12 13:00:00,0.6818,0.0,4.5459,1.0656,1.7474,0.0,0.0
2025-02-12 14:00:00,1.1058,0.0,5.5965,1.0404,2.1463,0.0,0.0
2025-02-12 15:00:00,1.1866,0.0,6.7238,1.1857,2.3724,0.0,0.0
2025-02-12 16:00:00,2.9223,0.0,9.5,1.4258,1.5882,2.7599,0.0
2025-02-12 17:00:00,0.0,1.1559,8.2833,1.9688,0.813,0.0,0.0
2025-02-12 18:00:00,0.0,1.9534,6.2271,1.9534,0.0,0.0,0.0
2025-02-12 19:00:00,0.0,1.9858,4.1367,1.9858,0.0,0.0,0.0
2025-02-12 20:00:00,0.0,1.8189,2.2221,1.8189,0.0,0.0,0.0
2025-02-12 21:00:00,0.0,1.161,1.0,1.2983,0.0,0.1373,0.0
2025-02-13 09:00:00,0.5836,0.0,1.5544,1.4081,1.9917,0.0,0.0
2025-02-13 10:00:00,0.925,0.0,2.4331,1.4311,2.3561,0.0,0.0
2025-02-13 11:00:00,1.0696,0.0,3.4493,1.0515,2.1211,0.0,0.0
2025-02-13 12:00:00,0.6334,0.0,4.051,1.0704,1.7038,0.0,0.0
2025-02-13 13:00:00,0.6833,0.0,4.7001,1.1648,1.8481,0.0,0.0
2025-02-13 14:00:00,1.3297,0.0,5.9633,1.1569,2.4866,0.0,0.0
2025-02-13 15:00:00,0.8004,0.0,6.7237,1.0284,1.8288,0.0,0.0
2025-02-13 16:00:00,2.9224,0.0,9.5,1.6273,1.4212,3.1285,0.0
2025-02-13 17:00:00,0.0,1.2692,8.1641,1.9859,0.7168,0.0,0.0
2025-02-13 18:00:00,0.0,1.9442,6.1175,1.9442,0.0,0.0,0.0
2025-02-13 19:00:00,0.0,1.9632,4.051,1.9632,0.0,0.0,0.0
2025-02-13 20:00:00,0.0,1.8135,2.1421,1.8135,0.0,0.0,0.0
2025-02-13 21:00:00,0.0,1.085,1.0,1.1537,0.0,0.0687,0.0
2025-02-14 09:00:00,0.8357,0.0,1.794,1.3351,2.1708,0.0,0.0
2025-02-14 10:00:00,0.6438,0.0,2.4055,1.679,2.3228,0.0,0.0
2025-02-14 11:00:00,0.775,0.0,3.1417,1.0905,1.8655,0.0,0.0
2025-02-14 12:00:00,0.9933,0.0,4.0854,1.1797,2.173,0.0,0.0
2025-02-14 13:00:00,0.977,0.0,5.0135,1.0134,1.9904,0.0,0.0
2025-02-14 14:00:00,1.2482,0.0,6.1993,1.0678,2.316,0.0,0.0
2025-02-14 15:00:00,0.8336,0.0,6.9912,1.19,2.0236,0.0,0.0
2025-02-14 16:00:00,2.4654,0.0,9.3333,1.3546,1.4561,2.3639,0.0
2025-02-14 17:00:00,0.0,1.163,8.1091,1.9074,0.7445,0.0,0.0
2025-02-14 18:00:00,0.0,1.8738,6.1367,1.8738,0.0,0.0,0.0
2025-02-14 19:00:00,0.0,1.8394,4.2005,1.8394,0.0,0.0,0.0
2025-02-14 20:00:00,0.0,1.8524,2.2506,1.8524,0.0,0.0,0.0
2025-02-14 21:00:00,0.0,1.1881,1.0,1.1881,0.0,0.0,0.0
2025-02-15 09:00:00,0.8129,0.0,1.7722,1.2156,2.0284,0.0,0.0
2025-02-15 10:00:00,1.0383,0.0,2.7587,1.4304,2.4688,0.0,0.0
2025-02-15 11:00:00,1.1591,0.0,3.8598,1.0102,2.1694,0.0,0.0
2025-02-15 12:00:00,0.5466,0.0,4.3791,1.0564,1.603,0.0,0.0
2025-02-15 13:00:00,0.8344,0.0,5.1717,0.9389,1.7733,0.0,0.0
2025-02-15 14:00:00,0.9208,0.0,6.0465,0.9756,1.8964,0.0,0.0
2025-02-15 15:00:00,0.5894,0.0,6.6065,1.0267,1.6161,0.0,0.0
2025-02-15 16:00:00,1.6655,0.0,8.1887,1.4897,1.3999,1.7552,0.0
2025-02-15 17:00:00,0.0,0.8095,7.3366,1.6726,0.8632,0.0,0.0
2025-02-15 18:00:00,0.0,1.7299,5.5157,1.7299,0.0,0.0,0.0
2025-02-15 19:00:00,0.0,1.6271,3.8029,1.6271,0.0,0.0,0.0
2025-02-15 20:00:00,0.0,1.7511,1.9596,1.7511,0.0,0.0,0.0
2025-02-15 21:00:00,0.0,0.9117,1.0,0.9117,0.0,0.0,0.0
2025-02-16 09:00:00,0.7111,0.0,1.6755,1.2735,1.9846,0.0,0.0
2025-02-16 10:00:00,0.802,0.0,2.4375,1.3487,2.1507,0.0,0.0
2025-02-16 11:00:00,0.5456,0.0,2.9558,0.9121,1.4577,0.0,0.0
2025-02-16 12:00:00,0.7516,0.0,3.6698,0.9473,1.6988,0.0,0.0
2025-02-16 13:00:00,1.1007,0.0,4.7155,0.9357,2.0363,0.0,0.0
2025-02-16 14:00:00,0.9213,0.0,5.5907,1.0045,1.9258,0.0,0.0
2025-02-16 15:00:00,1.0666,0.0,6.604,0.9249,1.9915,0.0,0.0
2025-02-16 16:00:00,2.3296,0.0,8.8171,1.4826,1.5226,2.2896,0.0
2025-02-16 17:00:00,0.0,1.1424,7.6145,1.6324,0.49,0.0,0.0
2025-02-16 18:00:00,0.0,1.751,5.7714,1.751,0.0,0.0,0.0
2025-02-16 19:00:00,0.0,1.632,4.0535,1.632,0.0,0.0,0.0
2025-02-16 20:00:00,0.0,1.7753,2.1848,1.7753,0.0,0.0,0.0
2025-02-16 21:00:00,0.0,1.1256,1.0,1.1256,0.0,0.0,0.0
2025-02-17 09:00:00,0.4143,0.0,1.3936,1.5741,1.9884,0.0,0.0
2025-02-17 10:00:00,0.9332,0.0,2.2801,1.4466,2.3798,0.0,0.0
2025-02-17 11:00:00,1.1326,0.0,3.356,1.0654,2.1979,0.0,0.0
2025-02-17 12:00:00,0.8876,0.0,4.1992,1.073,1.9606,0.0,0.0
2025-02-17 13:00:00,1.1757,0.0,5.3161,1.1204,2.2961,0.0,0.0
2025-02-17 14:00:00,0.5994,0.0,5.8855,1.1695,1.7689,0.0,0.0
2025-02-17 15:00:00,0.5774,0.0,6.4341,1.0017,1.5791,0.0,0.0
2025-02-17 16:00:00,2.8349,0.0,9.1272,1.6949,1.4567,3.0731,0.0
2025-02-17 17:00:00,0.0,0.9424,8.1352,1.8144,0.872,0.0,0.0
2025-02-17 18:00:00,0.0,1.8718,6.1649,1.8718,0.0,0.0,0.0
2025-02-17 19:00:00,0.0,1.9982,4.0614,1.9982,0.0,0.0,0.0
2025-02-17 20:00:00,0.0,1.8515,2.1125,1.8515,0.0,0.0,0.0
2025-02-17 21:00:00,0.0,1.0568,1.0,1.0568,0.0,0.0,0.0
2025-02-18 09:00:00,0.6945,0.0,1.6598,1.3429,2.0374,0.0,0.0
2025-02-18 10:00:00,0.8724,0.0,2.4886,1.327,2.1994,0.0,0.0
2025-02-18 11:00:00,1.1234,0.0,3.5558,1.0396,2.163,0.0,0.0
2025-02-18 12:00:00,1.2482,0.0,4.7417,1.1801,2.4283,0.0,0.0
2025-02-18 13:00:00,0.7546,0.0,5.4585,1.1384,1.8929,0.0,0.0
2025-02-18 14:00:00,1.0159,0.0,6.4236,1.1656,2.1815,0.0,0.0
2025-02-18 15:00:00,0.9838,0.0,7.3582,1.0645,2.0483,0.0,0.0
2025-02-18 16:00:00,2.0322,0.0,9.2888,1.535,1.479,2.0882,0.0
2025-02-18 17:00:00,0.0,1.1885,8.0378,1.9512,0.7627,0.0,0.0
2025-02-18 18:00:00,0.0,1.8405,6.1004,1.8405,0.0,0.0,0.0
2025-02-18 19:00:00,0.0,1.9143,4.0854,1.9143,0.0,0.0,0.0
2025-02-18 20:00:00,0.0,1.8098,2.1803,1.8098,0.0,0.0,0.0
2025-02-18 21:00:00,0.0,1.1213,1.0,1.1213,0.0,0.0,0.0
2025-02-19 09:00:00,0.4734,0.0,1.4498,1.5936,2.067,0.0,0.0
2025-02-19 10:00:00,0.8348,0.0,2.2428,1.5366,2.3713,0.0,0.0
2025-02-19 11:00:00,1.2988,0.0,3.4767,1.1728,2.4716,0.0,0.0
2025-02-19 12:00:00,0.9901,0.0,4.4173,1.0736,2.0637,0.0,0.0
2025-02-19 13:00:00,0.8193,0.0,5.1956,1.0386,1.8579,0.0,0.0
2025-02-19 14:00:00,0.8389,0.0,5.9925,1.101,1.9399,0.0,0.0
2025-02-19 15:00:00,0.8521,0.0,6.802,1.0677,1.9198,0.0,0.0
2025-02-19 16:00:00,2.5389,0.0,9.214,1.609,1.3703,2.7776,0.0
2025-02-19 17:00:00,0.0,1.1147,8.0406,1.9217,0.8071,0.0,0.0
2025-02-19 18:00:00,0.0,1.8102,6.1352,1.8102,0.0,0.0,0.0
2025-02-19 19:00:00,0.0,1.9044,4.1305,1.9044,0.0,0.0,0.0
2025-02-19 20:00:00,0.0,1.9104,2.1195,1.9104,0.0,0.0,0.0
2025-02-19 21:00:00,0.0,1.0635,1.0,1.0635,0.0,0.0,0.0
2025-02-20 10:00:00,0.7009,0.0,1.6659,1.5194,2.2204,0.0,0.0
2025-02-20 11:00:00,1.0641,0.0,2.6768,1.1127,2.1768,0.0,0.0
2025-02-20 12:00:00,1.3092,0.0,3.9206,1.1824,2.4917,0.0,0.0
2025-02-20 13:00:00,0.9653,0.0,4.8376,1.1805,2.1458,0.0,0.0
2025-02-20 14:00:00,0.757,0.0,5.5568,1.124,1.881,0.0,0.0
2025-02-20 15:00:00,0.6679,0.0,6.1913,1.0033,1.6712,0.0,0.0
2025-02-20 16:00:00,3.2639,0.0,9.292,1.6126,1.3375,3.539,0.0
2025-02-20 17:00:00,0.0,1.0885,8.1462,1.902,0.8134,0.0,0.0
2025-02-20 18:00:00,0.0,1.8679,6.1799,1.8679,0.0,0.0,0.0
2025-02-20 19:00:00,0.0,1.8751,4.2062,1.8751,0.0,0.0,0.0
2025-02-20 20:00:00,0.0,1.994,2.1072,1.994,0.0,0.0,0.0
2025-02-20 21:00:00,0.0,1.0519,1.0,1.0519,0.0,0.0,0.0
2025-02-21 10:00:00,0.5798,0.0,1.5508,1.562,2.1418,0.0,0.0
2025-02-21 11:00:00,1.1362,0.0,2.6302,1.1115,2.2477,0.0,0.0
2025-02-21 12:00:00,1.1884,0.0,3.7592,1.109,2.2975,0.0,0.0
2025-02-21 13:00:00,0.6722,0.0,4.3978,1.1718,1.844,0.0,0.0
2025-02-21 14:00:00,0.5494,0.0,4.9198,1.0052,1.5546,0.0,0.0
2025-02-21 15:00:00,1.0569,0.0,5.9238,1.0389,1.9907,0.1051,0.0
2025-02-21 16:00:00,3.5,0.0,9.2488,1.4337,1.2092,3.7245,0.0
2025-02-21 17:00:00,0.0,0.9834,8.2137,1.8805,0.8971,0.0,0.0
2025-02-21 18:00:00,0.0,1.9305,6.1815,1.9305,0.0,0.0,0.0
2025-02-21 19:00:00,0.0,1.9827,4.0945,1.9827,0.0,0.0,0.0
2025-02-21 20:00:00,0.0,1.8178,2.1811,1.8178,0.0,0.0,0.0
2025-02-21 21:00:00,0.0,1.1221,1.0,1.1221,0.0,0.0,0.0
2025-02-22 09:00:00,0.7456,0.0,1.7083,1.3479,2.0935,0.0,0.0
2025-02-22 10:00:00,1.135,0.0,2.7866,1.4663,2.6013,0.0,0.0
2025-02-22 11:00:00,0.6461,0.0,3.4004,1.0727,1.7189,0.0,0.0
2025-02-22 12:00:00,1.0803,0.0,4.4267,1.0028,2.0831,0.0,0.0
2025-02-22 13:00:00,0.6897,0.0,5.0819,0.9617,1.6514,0.0,0.0
2025-02-22 14:00:00,0.5496,0.0,5.604,0.9148,1.4644,0.0,0.0
2025-02-22 15:00:00,1.16,0.0,6.706,1.0134,2.1735,0.0,0.0
2025-02-22 16:00:00,1.9185,0.0,8.5286,1.3372,1.6076,1.648,0.0
2025-02-22 17:00:00,0.0,0.783,7.7043,1.6557,0.8727,0.0,0.0
2025-02-22 18:00:00,0.0,1.7235,5.8901,1.7235,0.0,0.0,0.0
2025-02-22 19:00:00,0.0,1.7787,4.0178,1.7787,0.0,0.0,0.0
2025-02-22 20:00:00,0.0,1.7513,2.1744,1.7513,0.0,0.0,0.0
2025-02-22 21:00:00,0.0,1.1157,1.0,1.1157,0.0,0.0,0.0
2025-02-23 09:00:00,0.3715,0.0,1.3529,1.4601,1.8316,0.0,0.0
2025-02-23 10:00:00,1.084,0.0,2.3827,1.3769,2.461,0.0,0.0
2025-02-23 11:00:00,0.6039,0.0,2.9564,0.9805,1.5844,0.0,0.0
2025-02-23 12:00:00,0.7026,0.0,3.6239,1.0048,1.7074,0.0,0.0
2025-02-23 13:00:00,0.6362,0.0,4.2283,1.0472,1.6834,0.0,0.0
2025-02-23 14:00:00,0.6065,0.0,4.8044,1.0441,1.6506,0.0,0.0
2025-02-23 15:00:00,0.5173,0.0,5.2959,1.0049,1.5222,0.0,0.0
2025-02-23 16:00:00,3.2481,0.0,8.3816,1.256,1.4184,3.0857,0.0
2025-02-23 17:00:00,0.0,0.9088,7.425,1.712,0.8032,0.0,0.0
2025-02-23 18:00:00,0.0,1.7776,5.5538,1.7776,0.0,0.0,0.0
2025-02-23 19:00:00,0.0,1.6499,3.8171,1.6499,0.0,0.0,0.0
2025-02-23 20:00:00,0.0,1.7675,1.9565,1.7675,0.0,0.0,0.0
2025-02-23 21:00:00,0.0,0.9087,1.0,0.9087,0.0,0.0,0.0
2025-02-24 09:00:00,0.8553,0.0,1.8126,1.3906,2.2459,0.0,0.0
2025-02-24 10:00:00,1.1017,0.0,2.8592,1.3049,2.4066,0.0,0.0
2025-02-24 11:00:00,0.6258,0.0,3.4537,1.1615,1.7873,0.0,0.0
2025-02-24 12:00:00,0.6432,0.0,4.0647,1.0336,1.6767,0.0,0.0
2025-02-24 13:00:00,0.552,0.0,4.5891,1.0273,1.5794,0.0,0.0
2025-02-24 14:00:00,0.9143,0.0,5.4577,1.0005,1.9148,0.0,0.0
2025-02-24 15:00:00,1.0418,0.0,6.4473,1.0668,2.1086,0.0,0.0
2025-02-24 16:00:00,2.8626,0.0,9.1669,1.3726,1.5689,2.6664,0.0
2025-02-24 17:00:00,0.0,1.0697,8.0408,1.9151,0.8454,0.0,0.0
2025-02-24 18:00:00,0.0,1.835,6.1093,1.835,0.0,0.0,0.0
2025-02-24 19:00:00,0.0,1.9566,4.0497,1.9566,0.0,0.0,0.0
2025-02-24 20:00:00,0.0,1.8412,2.1116,1.8412,0.0,0.0,0.0
2025-02-24 21:00:00,0.0,1.056,1.0,1.056,0.0,0.0,0.0
2025-02-25 09:00:00,0.426,0.0,1.4047,1.6779,2.1039,0.0,0.0
2025-02-25 10:00:00,0.5832,0.0,1.9587,1.6364,2.2196,0.0,0.0
2025-02-25 11:00:00,0.8996,0.0,2.8133,1.1599,2.0594,0.0,0.0
2025-02-25 12:00:00,0.8316,0.0,3.6033,1.1508,1.9824,0.0,0.0
2025-02-25 13:00:00,0.9409,0.0,4.4971,1.1028,2.0437,0.0,0.0
2025-02-25 14:00:00,1.1385,0.0,5.5787,1.0234,2.1619,0.0,0.0
2025-02-25 15:00:00,1.1728,0.0,6.6928,1.0703,2.2431,0.0,0.0
2025-02-25 16:00:00,2.8997,0.0,9.4476,1.5747,1.645,2.8295,0.0
2025-02-25 17:00:00,0.0,1.13,8.2581,1.8771,0.7471,0.0,0.0
2025-02-25 18:00:00,0.0,1.948,6.2077,1.948,0.0,0.0,0.0
2025-02-25 19:00:00,0.0,1.9159,4.1909,1.9159,0.0,0.0,0.0
2025-02-25 20:00:00,0.0,1.9254,2.1642,1.9254,0.0,0.0,0.0
2025-02-25 21:00:00,0.0,1.106,1.0,1.106,0.0,0.0,0.0
2025-02-26 09:00:00,0.5451,0.0,1.5178,1.5235,2.0685,0.0,0.0
2025-02-26 10:00:00,0.813,0.0,2.2902,1.4738,2.2868,0.0,0.0
2025-02-26 11:00:00,0.6025,0.0,2.8625,1.1358,1.7383,0.0,0.0
2025-02-26 12:00:00,0.75,0.0,3.5751,1.1962,1.9462,0.0,0.0
2025-02-26 13:00:00,0.695,0.0,4.2353,1.044,1.739,0.0,0.0
2025-02-26 14:00:00,0.7045,0.0,4.9046,1.0444,1.7489,0.0,0.0
2025-02-26 15:00:00,1.0486,0.0,5.9008,1.1653,2.2139,0.0,0.0
2025-02-26 16:00:00,3.337,0.0,9.0709,1.5599,1.4572,3.4397,0.0
2025-02-26 17:00:00,0.0,0.9964,8.0221,1.8091,0.8127,0.0,0.0
2025-02-26 18:00:00,0.0,1.8876,6.0351,1.8876,0.0,0.0,0.0
2025-02-26 19:00:00,0.0,1.9176,4.0166,1.9176,0.0,0.0,0.0
2025-02-26 20:00:00,0.0,1.8465,2.0729,1.8465,0.0,0.0,0.0
2025-02-26 21:00:00,0.0,1.0193,1.0,1.0193,0.0,0.0,0.0
2025-02-27 09:00:00,0.7011,0.0,1.666,1.3495,2.0506,0.0,0.0
2025-02-27 10:00:00,0.4897,0.0,2.1312,1.6723,2.162,0.0,0.0
2025-02-27 11:00:00,0.8638,0.0,2.9519,1.0916,1.9554,0.0,0.0
2025-02-27 12:00:00,0.5472,0.0,3.4716,1.0237,1.5708,0.0,0.0
2025-02-27 13:00:00,0.8226,0.0,4.2532,1.0803,1.9029,0.0,0.0
2025-02-27 14:00:00,0.8947,0.0,5.1031,1.0324,1.927,0.0,0.0
2025-02-27 15:00:00,0.729,0.0,5.7956,1.0658,1.6746,0.1202,0.0
2025-02-27 16:00:00,3.5,0.0,9.1206,1.3097,1.3694,3.4402,0.0
2025-02-27 17:00:00,0.0,0.9173,8.1551,1.8254,0.9081,0.0,0.0
2025-02-27 18:00:00,0.0,1.9235,6.1303,1.9235,0.0,0.0,0.0
2025-02-27 19:00:00,0.0,1.8177,4.2169,1.8177,0.0,0.0,0.0
2025-02-27 20:00:00,0.0,1.9949,2.1171,1.9949,0.0,0.0,0.0
2025-02-27 21:00:00,0.0,1.0612,1.0,1.0612,0.0,0.0,0.0
2025-02-28 09:00:00,0.8225,0.0,1.7814,1.362,2.1845,0.0,0.0
2025-02-28 10:00:00,1.3526,0.0,3.0663,1.3138,2.6663,0.0,0.0
2025-02-28 11:00:00,1.085,0.0,4.0971,1.0015,2.0866,0.0,0.0
2025-02-28 12:00:00,0.5428,0.0,4.6127,1.012,1.5548,0.0,0.0
2025-02-28 13:00:00,1.2824,0.0,5.831,1.1176,2.4,0.0,0.0
2025-02-28 14:00:00,0.6371,0.0,6.4362,1.1189,1.7559,0.0,0.0
2025-02-28 15:00:00,1.2828,0.0,7.6549,1.1764,2.4592,0.0,0.0
2025-02-28 16:00:00,1.836,0.0,9.3991,1.4286,1.0372,2.2274,0.0
2025-02-28 17:00:00,0.0,1.0281,8.3169,1.8022,0.7741,0.0,0.0
2025-02-28 18:00:00,0.0,1.963,6.2506,1.963,0.0,0.0,0.0
2025-02-28 19:00:00,0.0,1.8837,4.2678,1.8837,0.0,0.0,0.0
2025-02-28 20:00:00,0.0,1.8649,2.3047,1.8649,0.0,0.0,0.0
2025-02-28 21:00:00,0.0,1.2395,1.0,1.2395,0.0,0.0,0.0
2025-03-01 08:00:00,0.0237,0.0,1.0225,1.3953,1.419,0.0,0.0
2025-03-01 09:00:00,0.5621,0.0,1.5565,1.3655,1.9276,0.0,0.0
2025-03-01 10:00:00,0.5823,0.0,2.1097,1.3766,1.9588,0.0,0.0
2025-03-01 11:00:00,1.1513,0.0,3.2034,1.0172,2.1684,0.0,0.0
2025-03-01 12:00:00,1.1751,0.0,4.3197,0.991,2.1661,0.0,0.0
2025-03-01 13:00:00,1.0909,0.0,5.3561,1.0278,2.1187,0.0,0.0
2025-03-01 14:00:00,1.0566,0.0,6.3598,1.0104,2.067,0.0,0.0
2025-03-01 15:00:00,0.9584,0.0,7.2703,1.0091,1.9675,0.0,0.0
2025-03-01 16:00:00,1.0688,0.0,8.2856,1.1918,1.3868,0.8738,0.0
2025-03-01 17:00:00,0.0,0.8459,7.3952,1.7299,0.884,0.0,0.0
2025-03-01 18:00:00,0.0,1.6757,5.6313,1.6757,0.0,0.0,0.0
2025-03-01 19:00:00,0.0,1.7051,3.8365,1.7051,0.0,0.0,0.0
2025-03-01 20:00:00,0.0,1.7379,2.0071,1.7379,0.0,0.0,0.0
2025-03-01 21:00:00,0.0,0.9567,1.0,0.9567,0.0,0.0,0.0
