Unnamed: 0,Timestamp,Demand,Solar_Gen,Grid_Buy_Price,Grid_Sell_Price
0,2025-01-01 00:00:00,1232.19,0.0,5.0,3.0
1,2025-01-01 01:00:00,1131.66,0.0,5.0,3.0
2,2025-01-01 02:00:00,1257.58,0.0,5.0,3.0
3,2025-01-01 03:00:00,1209.21,0.0,5.0,3.0
4,2025-01-01 04:00:00,1028.25,0.0,5.0,3.0
5,2025-01-01 05:00:00,1292.69,0.0,5.0,3.0
6,2025-01-01 06:00:00,1880.57,0.0,5.0,3.0
7,2025-01-01 07:00:00,1725.19,903.24,5.0,3.0
8,2025-01-01 08:00:00,1821.93,1481.14,5.0,3.0
9,2025-01-01 09:00:00,1390.9,1828.71,5.0,3.0
10,2025-01-01 10:00:00,1631.05,2537.65,5.0,3.0
11,2025-01-01 11:00:00,1070.91,2186.55,5.0,3.0
12,2025-01-01 12:00:00,1155.68,2088.56,5.0,3.0
13,2025-01-01 13:00:00,1008.76,2119.42,5.0,3.0
14,2025-01-01 14:00:00,1148.95,2284.29,5.0,3.0
15,2025-01-01 15:00:00,1074.09,1681.94,5.0,3.0
16,2025-01-01 16:00:00,1351.97,1408.98,5.0,3.0
17,2025-01-01 17:00:00,1933.96,885.99,12.0,3.0
18,2025-01-01 18:00:00,1940.05,0.0,12.0,3.0
19,2025-01-01 19:00:00,1960.95,0.0,12.0,3.0
20,2025-01-01 20:00:00,1877.5,0.0,12.0,3.0
21,2025-01-01 21:00:00,1086.5,0.0,12.0,3.0
22,2025-01-01 22:00:00,1204.75,0.0,5.0,3.0
23,2025-01-01 23:00:00,1041.93,0.0,5.0,3.0
24,2025-01-02 00:00:00,1059.97,0.0,5.0,3.0
25,2025-01-02 01:00:00,1002.21,0.0,5.0,3.0
26,2025-01-02 02:00:00,1236.08,0.0,5.0,3.0
27,2025-01-02 03:00:00,1199.46,0.0,5.0,3.0
28,2025-01-02 04:00:00,1211.55,0.0,5.0,3.0
29,2025-01-02 05:00:00,1234.22,0.0,5.0,3.0
30,2025-01-02 06:00:00,1729.46,0.0,5.0,3.0
31,2025-01-02 07:00:00,1557.27,819.7,5.0,3.0
32,2025-01-02 08:00:00,1782.62,1544.9,5.0,3.0
33,2025-01-02 09:00:00,1521.43,1936.78,5.0,3.0
34,2025-01-02 10:00:00,1312.33,2247.78,5.0,3.0
35,2025-01-02 11:00:00,1081.71,2361.3,5.0,3.0
36,2025-01-02 12:00:00,1011.66,2056.5,5.0,3.0
37,2025-01-02 13:00:00,1132.38,2321.66,5.0,3.0
38,2025-01-02 14:00:00,1132.86,1800.88,5.0,3.0
39,2025-01-02 15:00:00,1033.39,1875.88,5.0,3.0
40,2025-01-02 16:00:00,1588.94,1387.09,5.0,3.0
41,2025-01-02 17:00:00,1900.21,777.48,12.0,3.0
42,2025-01-02 18:00:00,1889.23,0.0,12.0,3.0
43,2025-01-02 19:00:00,1926.06,0.0,12.0,3.0
44,2025-01-02 20:00:00,1872.36,0.0,12.0,3.0
45,2025-01-02 21:00:00,1026.29,0.0,12.0,3.0
46,2025-01-02 22:00:00,1035.4,0.0,5.0,3.0
47,2025-01-02 23:00:00,1288.57,0.0,5.0,3.0
48,2025-01-03 00:00:00,1272.57,0.0,5.0,3.0
49,2025-01-03 01:00:00,1209.91,0.0,5.0,3.0
50,2025-01-03 02:00:00,1079.76,0.0,5.0,3.0
51,2025-01-03 03:00:00,1290.75,0.0,5.0,3.0
52,2025-01-03 04:00:00,1233.63,0.0,5.0,3.0
53,2025-01-03 05:00:00,1215.07,0.0,5.0,3.0
54,2025-01-03 06:00:00,1724.68,0.0,5.0,3.0
55,2025-01-03 07:00:00,1951.3,770.44,5.0,3.0
56,2025-01-03 08:00:00,1652.98,1392.26,5.0,3.0
57,2025-01-03 09:00:00,1642.65,2123.76,5.0,3.0
58,2025-01-03 10:00:00,1472.84,2444.85,5.0,3.0
59,2025-01-03 11:00:00,1129.97,1988.25,5.0,3.0
60,2025-01-03 12:00:00,1008.32,2166.61,5.0,3.0
61,2025-01-03 13:00:00,1028.9,2007.08,5.0,3.0
62,2025-01-03 14:00:00,1034.12,2146.76,5.0,3.0
63,2025-01-03 15:00:00,1069.37,1935.98,5.0,3.0
64,2025-01-03 16:00:00,1683.42,1594.25,5.0,3.0
65,2025-01-03 17:00:00,1816.55,823.3,12.0,3.0
66,2025-01-03 18:00:00,1987.57,0.0,12.0,3.0
67,2025-01-03 19:00:00,1853.4,0.0,12.0,3.0
68,2025-01-03 20:00:00,1866.31,0.0,12.0,3.0
69,2025-01-03 21:00:00,1156.2,0.0,12.0,3.0
70,2025-01-03 22:00:00,1131.67,0.0,5.0,3.0
71,2025-01-03 23:00:00,1006.48,0.0,5.0,3.0
72,2025-01-04 00:00:00,1123.1,0.0,5.0,3.0
73,2025-01-04 01:00:00,1141.96,0.0,5.0,3.0
74,2025-01-04 02:00:00,937.87,0.0,5.0,3.0
75,2025-01-04 03:00:00,1049.59,0.0,5.0,3.0
76,2025-01-04 04:00:00,929.32,0.0,5.0,3.0
77,2025-01-04 05:00:00,1081.5,0.0,5.0,3.0
78,2025-01-04 06:00:00,1476.56,0.0,5.0,3.0
79,2025-01-04 07:00:00,1695.89,878.17,5.0,3.0
80,2025-01-04 08:00:00,1453.6,1295.71,5.0,3.0
81,2025-01-04 09:00:00,1303.53,2163.71,5.0,3.0
82,2025-01-04 10:00:00,1284.17,2288.49,5.0,3.0
83,2025-01-04 11:00:00,992.71,1646.97,5.0,3.0
84,2025-01-04 12:00:00,929.63,1755.34,5.0,3.0
85,2025-01-04 13:00:00,1078.63,1666.13,5.0,3.0
86,2025-01-04 14:00:00,1060.34,2204.81,5.0,3.0
87,2025-01-04 15:00:00,956.87,1858.4,5.0,3.0
88,2025-01-04 16:00:00,1304.52,1455.66,5.0,3.0
89,2025-01-04 17:00:00,1667.24,777.51,12.0,3.0
90,2025-01-04 18:00:00,1642.1,0.0,12.0,3.0
91,2025-01-04 19:00:00,1652.27,0.0,12.0,3.0
92,2025-01-04 20:00:00,1727.89,0.0,12.0,3.0
93,2025-01-04 21:00:00,1136.13,0.0,12.0,3.0
94,2025-01-04 22:00:00,953.04,0.0,5.0,3.0
95,2025-01-04 23:00:00,983.79,0.0,5.0,3.0
96,2025-01-05 00:00:00,1109.9,0.0,5.0,3.0
97,2025-01-05 01:00:00,1162.39,0.0,5.0,3.0
98,2025-01-05 02:00:00,1035.2,0.0,5.0,3.0
99,2025-01-05 03:00:00,938.85,0.0,5.0,3.0
100,2025-01-05 04:00:00,903.76,0.0,5.0,3.0
101,2025-01-05 05:00:00,962.01,0.0,5.0,3.0
102,2025-01-05 06:00:00,1409.32,0.0,5.0,3.0
103,2025-01-05 07:00:00,1577.85,839.88,5.0,3.0
104,2025-01-05 08:00:00,1439.9,1571.8,5.0,3.0
105,2025-01-05 09:00:00,1436.03,1264.22,5.0,3.0
106,2025-01-05 10:00:00,1503.92,2293.84,5.0,3.0
107,2025-01-05 11:00:00,987.95,2006.19,5.0,3.0
108,2025-01-05 12:00:00,951.56,1663.49,5.0,3.0
109,2025-01-05 13:00:00,999.94,2179.36,5.0,3.0
110,2025-01-05 14:00:00,925.26,1966.35,5.0,3.0
111,2025-01-05 15:00:00,1007.29,2059.78,5.0,3.0
112,2025-01-05 16:00:00,1338.26,1339.28,5.0,3.0
113,2025-01-05 17:00:00,1639.65,879.41,12.0,3.0
114,2025-01-05 18:00:00,1661.88,0.0,12.0,3.0
115,2025-01-05 19:00:00,1776.19,0.0,12.0,3.0
116,2025-01-05 20:00:00,1728.56,0.0,12.0,3.0
117,2025-01-05 21:00:00,1011.39,0.0,12.0,3.0
118,2025-01-05 22:00:00,1001.03,0.0,5.0,3.0
119,2025-01-05 23:00:00,1014.99,0.0,5.0,3.0
120,2025-01-06 00:00:00,1195.58,0.0,5.0,3.0
121,2025-01-06 01:00:00,1260.25,0.0,5.0,3.0
122,2025-01-06 02:00:00,1136.17,0.0,5.0,3.0
123,2025-01-06 03:00:00,1074.35,0.0,5.0,3.0
124,2025-01-06 04:00:00,1071.0,0.0,5.0,3.0
125,2025-01-06 05:00:00,1223.8,0.0,5.0,3.0
126,2025-01-06 06:00:00,1908.28,0.0,5.0,3.0
127,2025-01-06 07:00:00,1797.22,836.3,5.0,3.0
128,2025-01-06 08:00:00,1655.17,1600.81,5.0,3.0
129,2025-01-06 09:00:00,1366.21,1869.12,5.0,3.0
130,2025-01-06 10:00:00,1346.2,1407.2,5.0,3.0
131,2025-01-06 11:00:00,1034.93,1693.4,5.0,3.0
132,2025-01-06 12:00:00,1136.14,2075.39,5.0,3.0
133,2025-01-06 13:00:00,1100.91,1685.12,5.0,3.0
134,2025-01-06 14:00:00,1008.7,1621.99,5.0,3.0
135,2025-01-06 15:00:00,1049.88,2076.8,5.0,3.0
136,2025-01-06 16:00:00,1319.7,1507.91,5.0,3.0
137,2025-01-06 17:00:00,1820.33,742.86,12.0,3.0
138,2025-01-06 18:00:00,1984.97,0.0,12.0,3.0
139,2025-01-06 19:00:00,1980.53,0.0,12.0,3.0
140,2025-01-06 20:00:00,1995.91,0.0,12.0,3.0
141,2025-01-06 21:00:00,1240.61,0.0,12.0,3.0
142,2025-01-06 22:00:00,1233.84,0.0,5.0,3.0
143,2025-01-06 23:00:00,1192.74,0.0,5.0,3.0
144,2025-01-07 00:00:00,1233.7,0.0,5.0,3.0
145,2025-01-07 01:00:00,1040.37,0.0,5.0,3.0
146,2025-01-07 02:00:00,1160.82,0.0,5.0,3.0
147,2025-01-07 03:00:00,1154.27,0.0,5.0,3.0
148,2025-01-07 04:00:00,1257.27,0.0,5.0,3.0
149,2025-01-07 05:00:00,1138.84,0.0,5.0,3.0
150,2025-01-07 06:00:00,1692.54,0.0,5.0,3.0
151,2025-01-07 07:00:00,1569.88,809.76,5.0,3.0
152,2025-01-07 08:00:00,1616.28,1455.46,5.0,3.0
153,2025-01-07 09:00:00,1431.0,2108.59,5.0,3.0
154,2025-01-07 10:00:00,1418.75,2622.05,5.0,3.0
155,2025-01-07 11:00:00,1096.18,2215.75,5.0,3.0
156,2025-01-07 12:00:00,1169.71,2546.76,5.0,3.0
157,2025-01-07 13:00:00,1106.54,1912.19,5.0,3.0
158,2025-01-07 14:00:00,1146.98,2017.91,5.0,3.0
159,2025-01-07 15:00:00,1172.14,2143.48,5.0,3.0
160,2025-01-07 16:00:00,1338.04,1361.5,5.0,3.0
161,2025-01-07 17:00:00,1987.19,897.83,12.0,3.0
162,2025-01-07 18:00:00,1960.18,0.0,12.0,3.0
163,2025-01-07 19:00:00,1959.02,0.0,12.0,3.0
164,2025-01-07 20:00:00,1989.21,0.0,12.0,3.0
165,2025-01-07 21:00:00,1076.02,0.0,12.0,3.0
166,2025-01-07 22:00:00,1177.02,0.0,5.0,3.0
167,2025-01-07 23:00:00,1028.51,0.0,5.0,3.0
168,2025-01-08 00:00:00,1184.85,0.0,5.0,3.0
169,2025-01-08 01:00:00,1051.39,0.0,5.0,3.0
170,2025-01-08 02:00:00,1169.49,0.0,5.0,3.0
171,2025-01-08 03:00:00,1171.73,0.0,5.0,3.0
172,2025-01-08 04:00:00,1139.8,0.0,5.0,3.0
173,2025-01-08 05:00:00,1156.79,0.0,5.0,3.0
174,2025-01-08 06:00:00,1881.96,0.0,5.0,3.0
175,2025-01-08 07:00:00,1799.8,755.29,5.0,3.0
176,2025-01-08 08:00:00,1558.55,1381.55,5.0,3.0
177,2025-01-08 09:00:00,1467.44,2102.05,5.0,3.0
178,2025-01-08 10:00:00,1433.46,2540.01,5.0,3.0
179,2025-01-08 11:00:00,1054.11,1720.97,5.0,3.0
180,2025-01-08 12:00:00,1031.52,1641.09,5.0,3.0
181,2025-01-08 13:00:00,1087.58,1993.53,5.0,3.0
182,2025-01-08 14:00:00,1110.6,1842.3,5.0,3.0
183,2025-01-08 15:00:00,1095.87,2157.63,5.0,3.0
184,2025-01-08 16:00:00,1587.1,1372.83,5.0,3.0
185,2025-01-08 17:00:00,1970.11,755.69,12.0,3.0
186,2025-01-08 18:00:00,1917.65,0.0,12.0,3.0
187,2025-01-08 19:00:00,1890.86,0.0,12.0,3.0
188,2025-01-08 20:00:00,1965.08,0.0,12.0,3.0
189,2025-01-08 21:00:00,1088.61,0.0,12.0,3.0
190,2025-01-08 22:00:00,1137.56,0.0,5.0,3.0
191,2025-01-08 23:00:00,1132.69,0.0,5.0,3.0
192,2025-01-09 00:00:00,1090.58,0.0,5.0,3.0
193,2025-01-09 01:00:00,1275.53,0.0,5.0,3.0
194,2025-01-09 02:00:00,1234.39,0.0,5.0,3.0
195,2025-01-09 03:00:00,1033.18,0.0,5.0,3.0
196,2025-01-09 04:00:00,1299.11,0.0,5.0,3.0
197,2025-01-09 05:00:00,1263.76,0.0,5.0,3.0
198,2025-01-09 06:00:00,1641.95,0.0,5.0,3.0
199,2025-01-09 07:00:00,1999.55,852.52,5.0,3.0
200,2025-01-09 08:00:00,1545.22,1343.0,5.0,3.0
201,2025-01-09 09:00:00,1396.33,1998.86,5.0,3.0
202,2025-01-09 10:00:00,1379.28,2483.34,5.0,3.0
203,2025-01-09 11:00:00,1007.23,1819.06,5.0,3.0
204,2025-01-09 12:00:00,1121.19,2335.3,5.0,3.0
205,2025-01-09 13:00:00,1169.88,2328.28,5.0,3.0
206,2025-01-09 14:00:00,1185.56,2037.57,5.0,3.0
207,2025-01-09 15:00:00,1167.6,2431.62,5.0,3.0
208,2025-01-09 16:00:00,1349.97,1581.73,5.0,3.0
209,2025-01-09 17:00:00,1926.0,761.79,12.0,3.0
210,2025-01-09 18:00:00,1946.92,0.0,12.0,3.0
211,2025-01-09 19:00:00,1941.98,0.0,12.0,3.0
212,2025-01-09 20:00:00,1996.04,0.0,12.0,3.0
213,2025-01-09 21:00:00,1183.46,0.0,12.0,3.0
214,2025-01-09 22:00:00,1016.35,0.0,5.0,3.0
215,2025-01-09 23:00:00,1184.89,0.0,5.0,3.0
216,2025-01-10 00:00:00,1012.71,0.0,5.0,3.0
217,2025-01-10 01:00:00,1265.24,0.0,5.0,3.0
218,2025-01-10 02:00:00,1212.87,0.0,5.0,3.0
219,2025-01-10 03:00:00,1051.94,0.0,5.0,3.0
220,2025-01-10 04:00:00,1027.52,0.0,5.0,3.0
221,2025-01-10 05:00:00,1055.06,0.0,5.0,3.0
222,2025-01-10 06:00:00,1990.01,0.0,5.0,3.0
223,2025-01-10 07:00:00,1818.2,759.94,5.0,3.0
224,2025-01-10 08:00:00,1973.01,1526.0,5.0,3.0
225,2025-01-10 09:00:00,1579.91,2223.26,5.0,3.0
226,2025-01-10 10:00:00,1359.38,2348.81,5.0,3.0
227,2025-01-10 11:00:00,1094.83,2259.0,5.0,3.0
228,2025-01-10 12:00:00,1055.62,1869.75,5.0,3.0
229,2025-01-10 13:00:00,1122.2,1909.79,5.0,3.0
230,2025-01-10 14:00:00,1081.76,2139.45,5.0,3.0
231,2025-01-10 15:00:00,1063.41,1699.14,5.0,3.0
232,2025-01-10 16:00:00,1489.65,1524.15,5.0,3.0
233,2025-01-10 17:00:00,1913.15,852.12,12.0,3.0
234,2025-01-10 18:00:00,1930.49,0.0,12.0,3.0
235,2025-01-10 19:00:00,1909.83,0.0,12.0,3.0
236,2025-01-10 20:00:00,1886.28,0.0,12.0,3.0
237,2025-01-10 21:00:00,1187.8,0.0,12.0,3.0
238,2025-01-10 22:00:00,1108.2,0.0,5.0,3.0
239,2025-01-10 23:00:00,1153.82,0.0,5.0,3.0
240,2025-01-11 00:00:00,1098.91,0.0,5.0,3.0
241,2025-01-11 01:00:00,1139.33,0.0,5.0,3.0
242,2025-01-11 02:00:00,1148.69,0.0,5.0,3.0
243,2025-01-11 03:00:00,1035.98,0.0,5.0,3.0
244,2025-01-11 04:00:00,1040.47,0.0,5.0,3.0
245,2025-01-11 05:00:00,1115.97,0.0,5.0,3.0
246,2025-01-11 06:00:00,1491.5,0.0,5.0,3.0
247,2025-01-11 07:00:00,1402.14,844.25,5.0,3.0
248,2025-01-11 08:00:00,1375.01,1444.71,5.0,3.0
249,2025-01-11 09:00:00,1232.28,2134.21,5.0,3.0
250,2025-01-11 10:00:00,1175.29,2590.16,5.0,3.0
251,2025-01-11 11:00:00,967.01,1585.83,5.0,3.0
252,2025-01-11 12:00:00,921.54,1387.06,5.0,3.0
253,2025-01-11 13:00:00,1079.18,2213.23,5.0,3.0
254,2025-01-11 14:00:00,1023.78,2012.13,5.0,3.0
255,2025-01-11 15:00:00,1015.36,2024.24,5.0,3.0
256,2025-01-11 16:00:00,1359.03,971.59,5.0,3.0
257,2025-01-11 17:00:00,1770.53,835.26,12.0,3.0
258,2025-01-11 18:00:00,1771.03,0.0,12.0,3.0
259,2025-01-11 19:00:00,1700.68,0.0,12.0,3.0
260,2025-01-11 20:00:00,1690.66,0.0,12.0,3.0
261,2025-01-11 21:00:00,921.61,0.0,12.0,3.0
262,2025-01-11 22:00:00,1103.94,0.0,5.0,3.0
263,2025-01-11 23:00:00,1017.12,0.0,5.0,3.0
264,2025-01-12 00:00:00,1026.72,0.0,5.0,3.0
265,2025-01-12 01:00:00,940.68,0.0,5.0,3.0
266,2025-01-12 02:00:00,948.85,0.0,5.0,3.0
267,2025-01-12 03:00:00,1144.92,0.0,5.0,3.0
268,2025-01-12 04:00:00,912.06,0.0,5.0,3.0
269,2025-01-12 05:00:00,962.87,0.0,5.0,3.0
270,2025-01-12 06:00:00,1481.43,0.0,5.0,3.0
271,2025-01-12 07:00:00,1571.98,570.01,5.0,3.0
272,2025-01-12 08:00:00,1729.61,1549.71,5.0,3.0
273,2025-01-12 09:00:00,1411.27,1826.15,5.0,3.0
274,2025-01-12 10:00:00,1301.98,2313.84,5.0,3.0
275,2025-01-12 11:00:00,1052.01,2152.95,5.0,3.0
276,2025-01-12 12:00:00,1053.36,1918.42,5.0,3.0
277,2025-01-12 13:00:00,1005.68,1908.9,5.0,3.0
278,2025-01-12 14:00:00,989.79,1581.54,5.0,3.0
279,2025-01-12 15:00:00,971.74,1535.52,5.0,3.0
280,2025-01-12 16:00:00,1233.9,1397.2,5.0,3.0
281,2025-01-12 17:00:00,1624.47,815.5,12.0,3.0
282,2025-01-12 18:00:00,1675.36,0.0,12.0,3.0
283,2025-01-12 19:00:00,1670.04,0.0,12.0,3.0
284,2025-01-12 20:00:00,1746.55,0.0,12.0,3.0
285,2025-01-12 21:00:00,1071.12,0.0,12.0,3.0
286,2025-01-12 22:00:00,1165.09,0.0,5.0,3.0
287,2025-01-12 23:00:00,1067.5,0.0,5.0,3.0
288,2025-01-13 00:00:00,1143.25,0.0,5.0,3.0
289,2025-01-13 01:00:00,1228.43,0.0,5.0,3.0
290,2025-01-13 02:00:00,1271.0,0.0,5.0,3.0
291,2025-01-13 03:00:00,1216.21,0.0,5.0,3.0
292,2025-01-13 04:00:00,1288.96,0.0,5.0,3.0
293,2025-01-13 05:00:00,1234.6,0.0,5.0,3.0
294,2025-01-13 06:00:00,1933.4,0.0,5.0,3.0
295,2025-01-13 07:00:00,1720.04,853.25,5.0,3.0
296,2025-01-13 08:00:00,1984.91,1429.41,5.0,3.0
297,2025-01-13 09:00:00,1593.5,1955.92,5.0,3.0
298,2025-01-13 10:00:00,1349.55,2369.79,5.0,3.0
299,2025-01-13 11:00:00,1097.94,2160.62,5.0,3.0
300,2025-01-13 12:00:00,1195.58,2187.63,5.0,3.0
301,2025-01-13 13:00:00,1016.96,1927.82,5.0,3.0
302,2025-01-13 14:00:00,1184.94,2411.94,5.0,3.0
303,2025-01-13 15:00:00,1074.54,2089.23,5.0,3.0
304,2025-01-13 16:00:00,1570.12,1591.24,5.0,3.0
305,2025-01-13 17:00:00,1973.09,880.16,12.0,3.0
306,2025-01-13 18:00:00,1809.79,0.0,12.0,3.0
307,2025-01-13 19:00:00,1971.63,0.0,12.0,3.0
308,2025-01-13 20:00:00,1800.9,0.0,12.0,3.0
309,2025-01-13 21:00:00,1154.39,0.0,12.0,3.0
310,2025-01-13 22:00:00,1203.19,0.0,5.0,3.0
311,2025-01-13 23:00:00,1008.88,0.0,5.0,3.0
312,2025-01-14 00:00:00,1120.41,0.0,5.0,3.0
313,2025-01-14 01:00:00,1268.69,0.0,5.0,3.0
314,2025-01-14 02:00:00,1201.48,0.0,5.0,3.0
315,2025-01-14 03:00:00,1071.3,0.0,5.0,3.0
316,2025-01-14 04:00:00,1255.83,0.0,5.0,3.0
317,2025-01-14 05:00:00,1104.41,0.0,5.0,3.0
318,2025-01-14 06:00:00,1926.67,0.0,5.0,3.0
319,2025-01-14 07:00:00,1698.47,895.88,5.0,3.0
320,2025-01-14 08:00:00,1593.8,1118.28,5.0,3.0
321,2025-01-14 09:00:00,1587.06,2249.44,5.0,3.0
322,2025-01-14 10:00:00,1418.54,2206.3,5.0,3.0
323,2025-01-14 11:00:00,1114.97,2104.51,5.0,3.0
324,2025-01-14 12:00:00,1119.04,2116.6,5.0,3.0
325,2025-01-14 13:00:00,1099.38,1882.98,5.0,3.0
326,2025-01-14 14:00:00,1013.43,1542.01,5.0,3.0
327,2025-01-14 15:00:00,1090.66,1969.41,5.0,3.0
328,2025-01-14 16:00:00,1468.15,1583.99,5.0,3.0
329,2025-01-14 17:00:00,1908.17,897.79,12.0,3.0
330,2025-01-14 18:00:00,1847.02,0.0,12.0,3.0
331,2025-01-14 19:00:00,1905.91,0.0,12.0,3.0
332,2025-01-14 20:00:00,1948.46,0.0,12.0,3.0
333,2025-01-14 21:00:00,1177.22,0.0,12.0,3.0
334,2025-01-14 22:00:00,1196.03,0.0,5.0,3.0
335,2025-01-14 23:00:00,1089.81,0.0,5.0,3.0
336,2025-01-15 00:00:00,1072.41,0.0,5.0,3.0
337,2025-01-15 01:00:00,1096.75,0.0,5.0,3.0
338,2025-01-15 02:00:00,1046.63,0.0,5.0,3.0
339,2025-01-15 03:00:00,1262.29,0.0,5.0,3.0
340,2025-01-15 04:00:00,1084.97,0.0,5.0,3.0
341,2025-01-15 05:00:00,1168.45,0.0,5.0,3.0
342,2025-01-15 06:00:00,1895.99,0.0,5.0,3.0
343,2025-01-15 07:00:00,1738.13,857.01,5.0,3.0
344,2025-01-15 08:00:00,1907.32,1595.86,5.0,3.0
345,2025-01-15 09:00:00,1374.07,1845.85,5.0,3.0
346,2025-01-15 10:00:00,1561.17,2406.79,5.0,3.0
347,2025-01-15 11:00:00,1086.59,1793.1,5.0,3.0
348,2025-01-15 12:00:00,1020.6,1822.76,5.0,3.0
349,2025-01-15 13:00:00,1013.11,2124.88,5.0,3.0
350,2025-01-15 14:00:00,1062.51,1767.76,5.0,3.0
351,2025-01-15 15:00:00,1076.9,1659.3,5.0,3.0
352,2025-01-15 16:00:00,1382.81,1464.71,5.0,3.0
353,2025-01-15 17:00:00,1883.32,509.7,12.0,3.0
354,2025-01-15 18:00:00,1972.55,0.0,12.0,3.0
355,2025-01-15 19:00:00,1897.9,0.0,12.0,3.0
356,2025-01-15 20:00:00,1866.62,0.0,12.0,3.0
357,2025-01-15 21:00:00,1129.4,0.0,12.0,3.0
358,2025-01-15 22:00:00,1234.17,0.0,5.0,3.0
359,2025-01-15 23:00:00,1252.36,0.0,5.0,3.0
360,2025-01-16 00:00:00,1078.1,0.0,5.0,3.0
361,2025-01-16 01:00:00,1096.75,0.0,5.0,3.0
362,2025-01-16 02:00:00,1072.74,0.0,5.0,3.0
363,2025-01-16 03:00:00,1143.96,0.0,5.0,3.0
364,2025-01-16 04:00:00,1204.98,0.0,5.0,3.0
365,2025-01-16 05:00:00,1068.48,0.0,5.0,3.0
366,2025-01-16 06:00:00,1665.37,0.0,5.0,3.0
367,2025-01-16 07:00:00,1730.38,760.91,5.0,3.0
368,2025-01-16 08:00:00,1523.69,1599.03,5.0,3.0
369,2025-01-16 09:00:00,1303.7,1160.2,5.0,3.0
370,2025-01-16 10:00:00,1344.25,2262.21,5.0,3.0
371,2025-01-16 11:00:00,1113.84,1890.15,5.0,3.0
372,2025-01-16 12:00:00,1000.95,1707.14,5.0,3.0
373,2025-01-16 13:00:00,1032.55,2027.25,5.0,3.0
374,2025-01-16 14:00:00,1050.85,1986.03,5.0,3.0
375,2025-01-16 15:00:00,1120.68,2295.97,5.0,3.0
376,2025-01-16 16:00:00,1625.26,1599.74,5.0,3.0
377,2025-01-16 17:00:00,1920.15,809.24,12.0,3.0
378,2025-01-16 18:00:00,1863.53,0.0,12.0,3.0
379,2025-01-16 19:00:00,1869.3,0.0,12.0,3.0
380,2025-01-16 20:00:00,1803.81,0.0,12.0,3.0
381,2025-01-16 21:00:00,1049.65,0.0,12.0,3.0
382,2025-01-16 22:00:00,1217.55,0.0,5.0,3.0
383,2025-01-16 23:00:00,1212.43,0.0,5.0,3.0
384,2025-01-17 00:00:00,1221.57,0.0,5.0,3.0
385,2025-01-17 01:00:00,1095.15,0.0,5.0,3.0
386,2025-01-17 02:00:00,1267.01,0.0,5.0,3.0
387,2025-01-17 03:00:00,1178.15,0.0,5.0,3.0
388,2025-01-17 04:00:00,1037.81,0.0,5.0,3.0
389,2025-01-17 05:00:00,1043.12,0.0,5.0,3.0
390,2025-01-17 06:00:00,1846.55,0.0,5.0,3.0
391,2025-01-17 07:00:00,1995.89,465.94,5.0,3.0
392,2025-01-17 08:00:00,1996.54,1375.64,5.0,3.0
393,2025-01-17 09:00:00,1658.92,2041.29,5.0,3.0
394,2025-01-17 10:00:00,1548.72,2160.28,5.0,3.0
395,2025-01-17 11:00:00,1118.91,2198.68,5.0,3.0
396,2025-01-17 12:00:00,1167.25,2082.92,5.0,3.0
397,2025-01-17 13:00:00,1046.26,2165.56,5.0,3.0
398,2025-01-17 14:00:00,1122.15,1814.38,5.0,3.0
399,2025-01-17 15:00:00,1135.52,1721.33,5.0,3.0
400,2025-01-17 16:00:00,1603.37,1473.09,5.0,3.0
401,2025-01-17 17:00:00,1902.92,823.17,12.0,3.0
402,2025-01-17 18:00:00,1904.05,0.0,12.0,3.0
403,2025-01-17 19:00:00,1977.93,0.0,12.0,3.0
404,2025-01-17 20:00:00,1879.0,0.0,12.0,3.0
405,2025-01-17 21:00:00,1204.77,0.0,12.0,3.0
406,2025-01-17 22:00:00,1044.81,0.0,5.0,3.0
407,2025-01-17 23:00:00,1288.46,0.0,5.0,3.0
408,2025-01-18 00:00:00,948.18,0.0,5.0,3.0
409,2025-01-18 01:00:00,953.88,0.0,5.0,3.0
410,2025-01-18 02:00:00,1131.93,0.0,5.0,3.0
411,2025-01-18 03:00:00,1146.4,0.0,5.0,3.0
412,2025-01-18 04:00:00,957.28,0.0,5.0,3.0
413,2025-01-18 05:00:00,1026.85,0.0,5.0,3.0
414,2025-01-18 06:00:00,1680.07,0.0,5.0,3.0
415,2025-01-18 07:00:00,1582.66,867.38,5.0,3.0
416,2025-01-18 08:00:00,1702.33,1368.2,5.0,3.0
417,2025-01-18 09:00:00,1495.43,2159.15,5.0,3.0
418,2025-01-18 10:00:00,1205.95,2529.93,5.0,3.0
419,2025-01-18 11:00:00,904.17,1413.25,5.0,3.0
420,2025-01-18 12:00:00,1029.48,2064.78,5.0,3.0
421,2025-01-18 13:00:00,957.44,1745.71,5.0,3.0
422,2025-01-18 14:00:00,973.65,1570.39,5.0,3.0
423,2025-01-18 15:00:00,984.18,1821.45,5.0,3.0
424,2025-01-18 16:00:00,1311.88,969.06,5.0,3.0
425,2025-01-18 17:00:00,1743.22,908.4,12.0,3.0
426,2025-01-18 18:00:00,1663.85,0.0,12.0,3.0
427,2025-01-18 19:00:00,1778.59,0.0,12.0,3.0
428,2025-01-18 20:00:00,1670.06,0.0,12.0,3.0
429,2025-01-18 21:00:00,954.56,0.0,12.0,3.0
430,2025-01-18 22:00:00,950.16,0.0,5.0,3.0
431,2025-01-18 23:00:00,1040.94,0.0,5.0,3.0
432,2025-01-19 00:00:00,1026.47,0.0,5.0,3.0
433,2025-01-19 01:00:00,970.05,0.0,5.0,3.0
434,2025-01-19 02:00:00,912.2,0.0,5.0,3.0
435,2025-01-19 03:00:00,1030.0,0.0,5.0,3.0
436,2025-01-19 04:00:00,1159.02,0.0,5.0,3.0
437,2025-01-19 05:00:00,1076.18,0.0,5.0,3.0
438,2025-01-19 06:00:00,1572.98,0.0,5.0,3.0
439,2025-01-19 07:00:00,1482.65,894.06,5.0,3.0
440,2025-01-19 08:00:00,1755.74,1660.79,5.0,3.0
441,2025-01-19 09:00:00,1513.08,1280.01,5.0,3.0
442,2025-01-19 10:00:00,1279.61,2185.05,5.0,3.0
443,2025-01-19 11:00:00,1052.24,1690.55,5.0,3.0
444,2025-01-19 12:00:00,929.76,1847.83,5.0,3.0
445,2025-01-19 13:00:00,1053.35,1909.0,5.0,3.0
446,2025-01-19 14:00:00,953.29,1684.19,5.0,3.0
447,2025-01-19 15:00:00,1036.8,1774.03,5.0,3.0
448,2025-01-19 16:00:00,1508.95,1580.1,5.0,3.0
449,2025-01-19 17:00:00,1638.07,888.53,12.0,3.0
450,2025-01-19 18:00:00,1652.31,0.0,12.0,3.0
451,2025-01-19 19:00:00,1664.15,0.0,12.0,3.0
452,2025-01-19 20:00:00,1747.84,0.0,12.0,3.0
453,2025-01-19 21:00:00,1129.86,0.0,12.0,3.0
454,2025-01-19 22:00:00,1136.14,0.0,5.0,3.0
455,2025-01-19 23:00:00,991.62,0.0,5.0,3.0
456,2025-01-20 00:00:00,1159.26,0.0,5.0,3.0
457,2025-01-20 01:00:00,1074.52,0.0,5.0,3.0
458,2025-01-20 02:00:00,1073.44,0.0,5.0,3.0
459,2025-01-20 03:00:00,1048.38,0.0,5.0,3.0
460,2025-01-20 04:00:00,1282.01,0.0,5.0,3.0
461,2025-01-20 05:00:00,1266.4,0.0,5.0,3.0
462,2025-01-20 06:00:00,1888.68,0.0,5.0,3.0
463,2025-01-20 07:00:00,1764.87,813.0,5.0,3.0
464,2025-01-20 08:00:00,1565.88,1626.88,5.0,3.0
465,2025-01-20 09:00:00,1492.81,1873.61,5.0,3.0
466,2025-01-20 10:00:00,1521.77,2268.36,5.0,3.0
467,2025-01-20 11:00:00,1006.01,1952.86,5.0,3.0
468,2025-01-20 12:00:00,1064.31,1866.02,5.0,3.0
469,2025-01-20 13:00:00,1080.09,1686.4,5.0,3.0
470,2025-01-20 14:00:00,1197.72,1895.52,5.0,3.0
471,2025-01-20 15:00:00,1093.75,2377.08,5.0,3.0
472,2025-01-20 16:00:00,1436.55,1118.68,5.0,3.0
473,2025-01-20 17:00:00,1958.89,870.99,12.0,3.0
474,2025-01-20 18:00:00,1958.73,0.0,12.0,3.0
475,2025-01-20 19:00:00,1887.6,0.0,12.0,3.0
476,2025-01-20 20:00:00,1927.8,0.0,12.0,3.0
477,2025-01-20 21:00:00,1000.69,0.0,12.0,3.0
478,2025-01-20 22:00:00,1298.01,0.0,5.0,3.0
479,2025-01-20 23:00:00,1084.27,0.0,5.0,3.0
480,2025-01-21 00:00:00,1018.62,0.0,5.0,3.0
481,2025-01-21 01:00:00,1137.48,0.0,5.0,3.0
482,2025-01-21 02:00:00,1038.71,0.0,5.0,3.0
483,2025-01-21 03:00:00,1045.7,0.0,5.0,3.0
484,2025-01-21 04:00:00,1189.68,0.0,5.0,3.0
485,2025-01-21 05:00:00,1117.88,0.0,5.0,3.0
486,2025-01-21 06:00:00,1960.93,0.0,5.0,3.0
487,2025-01-21 07:00:00,1730.55,843.27,5.0,3.0
488,2025-01-21 08:00:00,1736.39,1447.57,5.0,3.0
489,2025-01-21 09:00:00,1370.89,2180.7,5.0,3.0
490,2025-01-21 10:00:00,1316.1,2609.32,5.0,3.0
491,2025-01-21 11:00:00,1149.92,2456.24,5.0,3.0
492,2025-01-21 12:00:00,1132.0,2252.45,5.0,3.0
493,2025-01-21 13:00:00,1073.27,1809.65,5.0,3.0
494,2025-01-21 14:00:00,1112.36,2423.19,5.0,3.0
495,2025-01-21 15:00:00,1181.42,2416.15,5.0,3.0
496,2025-01-21 16:00:00,1436.94,1480.01,5.0,3.0
497,2025-01-21 17:00:00,1825.16,764.26,12.0,3.0
498,2025-01-21 18:00:00,1931.1,0.0,12.0,3.0
499,2025-01-21 19:00:00,1865.31,0.0,12.0,3.0
500,2025-01-21 20:00:00,1839.56,0.0,12.0,3.0
501,2025-01-21 21:00:00,1233.45,0.0,12.0,3.0
502,2025-01-21 22:00:00,1258.19,0.0,5.0,3.0
503,2025-01-21 23:00:00,1074.0,0.0,5.0,3.0
504,2025-01-22 00:00:00,1200.35,0.0,5.0,3.0
505,2025-01-22 01:00:00,1038.81,0.0,5.0,3.0
506,2025-01-22 02:00:00,1082.55,0.0,5.0,3.0
507,2025-01-22 03:00:00,1041.6,0.0,5.0,3.0
508,2025-01-22 04:00:00,1085.06,0.0,5.0,3.0
509,2025-01-22 05:00:00,1202.42,0.0,5.0,3.0
510,2025-01-22 06:00:00,1955.16,0.0,5.0,3.0
511,2025-01-22 07:00:00,1850.7,845.17,5.0,3.0
512,2025-01-22 08:00:00,1627.55,1440.16,5.0,3.0
513,2025-01-22 09:00:00,1690.45,2108.44,5.0,3.0
514,2025-01-22 10:00:00,1309.29,2600.06,5.0,3.0
515,2025-01-22 11:00:00,1122.05,2246.15,5.0,3.0
516,2025-01-22 12:00:00,1170.8,2124.48,5.0,3.0
517,2025-01-22 13:00:00,1097.96,1856.18,5.0,3.0
518,2025-01-22 14:00:00,1048.84,1644.03,5.0,3.0
519,2025-01-22 15:00:00,1168.66,2491.37,5.0,3.0
520,2025-01-22 16:00:00,1605.87,1493.54,5.0,3.0
521,2025-01-22 17:00:00,1891.29,851.55,12.0,3.0
522,2025-01-22 18:00:00,1857.86,0.0,12.0,3.0
523,2025-01-22 19:00:00,1882.0,0.0,12.0,3.0
524,2025-01-22 20:00:00,1843.77,0.0,12.0,3.0
525,2025-01-22 21:00:00,1244.82,0.0,12.0,3.0
526,2025-01-22 22:00:00,1258.17,0.0,5.0,3.0
527,2025-01-22 23:00:00,1050.31,0.0,5.0,3.0
528,2025-01-23 00:00:00,1002.25,0.0,5.0,3.0
529,2025-01-23 01:00:00,1100.84,0.0,5.0,3.0
530,2025-01-23 02:00:00,1239.25,0.0,5.0,3.0
531,2025-01-23 03:00:00,1251.75,0.0,5.0,3.0
532,2025-01-23 04:00:00,1041.5,0.0,5.0,3.0
533,2025-01-23 05:00:00,1232.3,0.0,5.0,3.0
534,2025-01-23 06:00:00,1557.85,0.0,5.0,3.0
535,2025-01-23 07:00:00,1596.3,652.11,5.0,3.0
536,2025-01-23 08:00:00,1809.83,1660.28,5.0,3.0
537,2025-01-23 09:00:00,1327.86,2014.58,5.0,3.0
538,2025-01-23 10:00:00,1408.25,2487.18,5.0,3.0
539,2025-01-23 11:00:00,1022.37,1859.74,5.0,3.0
540,2025-01-23 12:00:00,1084.7,1780.7,5.0,3.0
541,2025-01-23 13:00:00,1137.23,1949.41,5.0,3.0
542,2025-01-23 14:00:00,1199.88,2286.32,5.0,3.0
543,2025-01-23 15:00:00,1145.57,1860.11,5.0,3.0
544,2025-01-23 16:00:00,1484.48,1350.48,5.0,3.0
545,2025-01-23 17:00:00,1934.45,877.7,12.0,3.0
546,2025-01-23 18:00:00,1966.42,0.0,12.0,3.0
547,2025-01-23 19:00:00,1864.31,0.0,12.0,3.0
548,2025-01-23 20:00:00,1949.76,0.0,12.0,3.0
549,2025-01-23 21:00:00,1240.42,0.0,12.0,3.0
550,2025-01-23 22:00:00,1147.38,0.0,5.0,3.0
551,2025-01-23 23:00:00,1267.91,0.0,5.0,3.0
552,2025-01-24 00:00:00,1043.17,0.0,5.0,3.0
553,2025-01-24 01:00:00,1263.72,0.0,5.0,3.0
554,2025-01-24 02:00:00,1028.83,0.0,5.0,3.0
555,2025-01-24 03:00:00,1046.06,0.0,5.0,3.0
556,2025-01-24 04:00:00,1160.15,0.0,5.0,3.0
557,2025-01-24 05:00:00,1020.26,0.0,5.0,3.0
558,2025-01-24 06:00:00,1526.4,0.0,5.0,3.0
559,2025-01-24 07:00:00,1887.31,757.29,5.0,3.0
560,2025-01-24 08:00:00,1911.56,955.73,5.0,3.0
561,2025-01-24 09:00:00,1644.32,2042.53,5.0,3.0
562,2025-01-24 10:00:00,1627.68,1859.31,5.0,3.0
563,2025-01-24 11:00:00,1147.56,2409.45,5.0,3.0
564,2025-01-24 12:00:00,1100.84,2235.77,5.0,3.0
565,2025-01-24 13:00:00,1073.58,2151.05,5.0,3.0
566,2025-01-24 14:00:00,1150.3,2073.38,5.0,3.0
567,2025-01-24 15:00:00,1035.26,2007.49,5.0,3.0
568,2025-01-24 16:00:00,1459.4,1379.08,5.0,3.0
569,2025-01-24 17:00:00,1930.71,805.36,12.0,3.0
570,2025-01-24 18:00:00,1975.02,0.0,12.0,3.0
571,2025-01-24 19:00:00,1838.46,0.0,12.0,3.0
572,2025-01-24 20:00:00,1844.16,0.0,12.0,3.0
573,2025-01-24 21:00:00,1196.82,0.0,12.0,3.0
574,2025-01-24 22:00:00,1086.73,0.0,5.0,3.0
575,2025-01-24 23:00:00,1220.42,0.0,5.0,3.0
576,2025-01-25 00:00:00,1052.93,0.0,5.0,3.0
577,2025-01-25 01:00:00,1048.75,0.0,5.0,3.0
578,2025-01-25 02:00:00,1123.71,0.0,5.0,3.0
579,2025-01-25 03:00:00,1091.84,0.0,5.0,3.0
580,2025-01-25 04:00:00,907.18,0.0,5.0,3.0
581,2025-01-25 05:00:00,913.35,0.0,5.0,3.0
582,2025-01-25 06:00:00,1620.7,0.0,5.0,3.0
583,2025-01-25 07:00:00,1538.4,884.88,5.0,3.0
584,2025-01-25 08:00:00,1602.55,1423.56,5.0,3.0
585,2025-01-25 09:00:00,1357.89,2053.84,5.0,3.0
586,2025-01-25 10:00:00,1413.59,1334.76,5.0,3.0
587,2025-01-25 11:00:00,938.21,1790.92,5.0,3.0
588,2025-01-25 12:00:00,930.95,1819.91,5.0,3.0
589,2025-01-25 13:00:00,985.7,1536.82,5.0,3.0
590,2025-01-25 14:00:00,938.73,1681.33,5.0,3.0
591,2025-01-25 15:00:00,1022.31,1563.24,5.0,3.0
592,2025-01-25 16:00:00,1244.51,1392.05,5.0,3.0
593,2025-01-25 17:00:00,1644.24,792.07,12.0,3.0
594,2025-01-25 18:00:00,1684.94,0.0,12.0,3.0
595,2025-01-25 19:00:00,1667.67,0.0,12.0,3.0
596,2025-01-25 20:00:00,1729.89,0.0,12.0,3.0
597,2025-01-25 21:00:00,955.46,0.0,12.0,3.0
598,2025-01-25 22:00:00,1139.86,0.0,5.0,3.0
599,2025-01-25 23:00:00,1151.01,0.0,5.0,3.0
600,2025-01-26 00:00:00,926.95,0.0,5.0,3.0
601,2025-01-26 01:00:00,929.0,0.0,5.0,3.0
602,2025-01-26 02:00:00,931.14,0.0,5.0,3.0
603,2025-01-26 03:00:00,1067.28,0.0,5.0,3.0
604,2025-01-26 04:00:00,932.93,0.0,5.0,3.0
605,2025-01-26 05:00:00,1130.14,0.0,5.0,3.0
606,2025-01-26 06:00:00,1689.42,0.0,5.0,3.0
607,2025-01-26 07:00:00,1798.5,642.25,5.0,3.0
608,2025-01-26 08:00:00,1495.77,1525.62,5.0,3.0
609,2025-01-26 09:00:00,1460.23,2225.96,5.0,3.0
610,2025-01-26 10:00:00,1349.51,2651.14,5.0,3.0
611,2025-01-26 11:00:00,968.53,1787.71,5.0,3.0
612,2025-01-26 12:00:00,923.05,1597.71,5.0,3.0
613,2025-01-26 13:00:00,918.59,1470.82,5.0,3.0
614,2025-01-26 14:00:00,964.56,1516.66,5.0,3.0
615,2025-01-26 15:00:00,1013.97,1938.05,5.0,3.0
616,2025-01-26 16:00:00,1310.94,1483.69,5.0,3.0
617,2025-01-26 17:00:00,1722.23,854.1,12.0,3.0
618,2025-01-26 18:00:00,1719.79,0.0,12.0,3.0
619,2025-01-26 19:00:00,1688.15,0.0,12.0,3.0
620,2025-01-26 20:00:00,1637.04,0.0,12.0,3.0
621,2025-01-26 21:00:00,944.84,0.0,12.0,3.0
622,2025-01-26 22:00:00,1095.24,0.0,5.0,3.0
623,2025-01-26 23:00:00,1005.06,0.0,5.0,3.0
624,2025-01-27 00:00:00,1064.36,0.0,5.0,3.0
625,2025-01-27 01:00:00,1168.8,0.0,5.0,3.0
626,2025-01-27 02:00:00,1226.66,0.0,5.0,3.0
627,2025-01-27 03:00:00,1077.23,0.0,5.0,3.0
628,2025-01-27 04:00:00,1248.04,0.0,5.0,3.0
629,2025-01-27 05:00:00,1278.25,0.0,5.0,3.0
630,2025-01-27 06:00:00,1798.7,0.0,5.0,3.0
631,2025-01-27 07:00:00,1972.76,902.71,5.0,3.0
632,2025-01-27 08:00:00,1789.49,865.45,5.0,3.0
633,2025-01-27 09:00:00,1572.17,1811.94,5.0,3.0
634,2025-01-27 10:00:00,1597.38,2398.09,5.0,3.0
635,2025-01-27 11:00:00,1093.15,1770.26,5.0,3.0
636,2025-01-27 12:00:00,1066.14,2289.63,5.0,3.0
637,2025-01-27 13:00:00,1113.02,2122.24,5.0,3.0
638,2025-01-27 14:00:00,1154.98,2012.91,5.0,3.0
639,2025-01-27 15:00:00,1193.08,2283.13,5.0,3.0
640,2025-01-27 16:00:00,1375.04,1626.05,5.0,3.0
641,2025-01-27 17:00:00,1874.89,830.02,12.0,3.0
642,2025-01-27 18:00:00,1896.35,0.0,12.0,3.0
643,2025-01-27 19:00:00,1921.44,0.0,12.0,3.0
644,2025-01-27 20:00:00,1885.0,0.0,12.0,3.0
645,2025-01-27 21:00:00,1111.0,0.0,12.0,3.0
646,2025-01-27 22:00:00,1125.29,0.0,5.0,3.0
647,2025-01-27 23:00:00,1035.52,0.0,5.0,3.0
648,2025-01-28 00:00:00,1238.43,0.0,5.0,3.0
649,2025-01-28 01:00:00,1251.32,0.0,5.0,3.0
650,2025-01-28 02:00:00,1085.32,0.0,5.0,3.0
651,2025-01-28 03:00:00,1091.14,0.0,5.0,3.0
652,2025-01-28 04:00:00,1262.3,0.0,5.0,3.0
653,2025-01-28 05:00:00,1007.19,0.0,5.0,3.0
654,2025-01-28 06:00:00,1760.23,0.0,5.0,3.0
655,2025-01-28 07:00:00,1581.7,802.4,5.0,3.0
656,2025-01-28 08:00:00,1809.36,1218.1,5.0,3.0
657,2025-01-28 09:00:00,1508.9,1862.83,5.0,3.0
658,2025-01-28 10:00:00,1375.39,2184.96,5.0,3.0
659,2025-01-28 11:00:00,1189.46,1803.18,5.0,3.0
660,2025-01-28 12:00:00,1194.88,2594.07,5.0,3.0
661,2025-01-28 13:00:00,1174.28,2157.87,5.0,3.0
662,2025-01-28 14:00:00,1086.22,2224.49,5.0,3.0
663,2025-01-28 15:00:00,1198.71,1867.48,5.0,3.0
664,2025-01-28 16:00:00,1582.32,1634.33,5.0,3.0
665,2025-01-28 17:00:00,1809.02,886.88,12.0,3.0
666,2025-01-28 18:00:00,1823.5,0.0,12.0,3.0
667,2025-01-28 19:00:00,1831.15,0.0,12.0,3.0
668,2025-01-28 20:00:00,1906.98,0.0,12.0,3.0
669,2025-01-28 21:00:00,1274.72,0.0,12.0,3.0
670,2025-01-28 22:00:00,1170.23,0.0,5.0,3.0
671,2025-01-28 23:00:00,1119.17,0.0,5.0,3.0
672,2025-01-29 00:00:00,1133.5,0.0,5.0,3.0
673,2025-01-29 01:00:00,1018.94,0.0,5.0,3.0
674,2025-01-29 02:00:00,1290.63,0.0,5.0,3.0
675,2025-01-29 03:00:00,1093.2,0.0,5.0,3.0
676,2025-01-29 04:00:00,1056.81,0.0,5.0,3.0
677,2025-01-29 05:00:00,1085.81,0.0,5.0,3.0
678,2025-01-29 06:00:00,1982.19,0.0,5.0,3.0
679,2025-01-29 07:00:00,1853.92,912.25,5.0,3.0
680,2025-01-29 08:00:00,1921.08,1375.65,5.0,3.0
681,2025-01-29 09:00:00,1618.32,2044.58,5.0,3.0
682,2025-01-29 10:00:00,1659.57,2509.25,5.0,3.0
683,2025-01-29 11:00:00,1096.59,2018.45,5.0,3.0
684,2025-01-29 12:00:00,1072.32,1976.82,5.0,3.0
685,2025-01-29 13:00:00,1015.49,2189.88,5.0,3.0
686,2025-01-29 14:00:00,1186.14,2253.91,5.0,3.0
687,2025-01-29 15:00:00,1031.5,1889.13,5.0,3.0
688,2025-01-29 16:00:00,1387.48,1645.39,5.0,3.0
689,2025-01-29 17:00:00,1995.44,742.34,12.0,3.0
690,2025-01-29 18:00:00,1830.72,0.0,12.0,3.0
691,2025-01-29 19:00:00,1913.71,0.0,12.0,3.0
692,2025-01-29 20:00:00,1982.49,0.0,12.0,3.0
693,2025-01-29 21:00:00,1161.17,0.0,12.0,3.0
694,2025-01-29 22:00:00,1187.8,0.0,5.0,3.0
695,2025-01-29 23:00:00,1060.56,0.0,5.0,3.0
696,2025-01-30 00:00:00,1240.18,0.0,5.0,3.0
697,2025-01-30 01:00:00,1185.34,0.0,5.0,3.0
698,2025-01-30 02:00:00,1259.24,0.0,5.0,3.0
699,2025-01-30 03:00:00,1284.65,0.0,5.0,3.0
700,2025-01-30 04:00:00,1104.37,0.0,5.0,3.0
701,2025-01-30 05:00:00,1027.17,0.0,5.0,3.0
702,2025-01-30 06:00:00,1612.96,0.0,5.0,3.0
703,2025-01-30 07:00:00,1689.15,832.43,5.0,3.0
704,2025-01-30 08:00:00,1591.4,1551.06,5.0,3.0
705,2025-01-30 09:00:00,1569.14,1902.89,5.0,3.0
706,2025-01-30 10:00:00,1588.76,2582.23,5.0,3.0
707,2025-01-30 11:00:00,1037.58,1750.28,5.0,3.0
708,2025-01-30 12:00:00,1103.91,1912.08,5.0,3.0
709,2025-01-30 13:00:00,1198.96,2235.43,5.0,3.0
710,2025-01-30 14:00:00,1084.35,1959.68,5.0,3.0
711,2025-01-30 15:00:00,1045.59,1584.2,5.0,3.0
712,2025-01-30 16:00:00,1692.55,1632.25,5.0,3.0
713,2025-01-30 17:00:00,1895.11,835.17,12.0,3.0
714,2025-01-30 18:00:00,1929.64,0.0,12.0,3.0
715,2025-01-30 19:00:00,1927.59,0.0,12.0,3.0
716,2025-01-30 20:00:00,1971.25,0.0,12.0,3.0
717,2025-01-30 21:00:00,1189.32,0.0,12.0,3.0
718,2025-01-30 22:00:00,1104.3,0.0,5.0,3.0
719,2025-01-30 23:00:00,1198.76,0.0,5.0,3.0
720,2025-01-31 00:00:00,1201.56,0.0,5.0,3.0
721,2025-01-31 01:00:00,1288.18,0.0,5.0,3.0
722,2025-01-31 02:00:00,1111.27,0.0,5.0,3.0
723,2025-01-31 03:00:00,1127.52,0.0,5.0,3.0
724,2025-01-31 04:00:00,1243.64,0.0,5.0,3.0
725,2025-01-31 05:00:00,1151.73,0.0,5.0,3.0
726,2025-01-31 06:00:00,1868.29,0.0,5.0,3.0
727,2025-01-31 07:00:00,1872.6,549.35,5.0,3.0
728,2025-01-31 08:00:00,1813.41,1631.56,5.0,3.0
729,2025-01-31 09:00:00,1409.03,2200.55,5.0,3.0
730,2025-01-31 10:00:00,1361.77,1721.78,5.0,3.0
731,2025-01-31 11:00:00,1105.88,2298.47,5.0,3.0
732,2025-01-31 12:00:00,1141.63,2428.6,5.0,3.0
733,2025-01-31 13:00:00,1095.68,1751.09,5.0,3.0
734,2025-01-31 14:00:00,1061.67,2004.25,5.0,3.0
735,2025-01-31 15:00:00,1141.01,1798.24,5.0,3.0
736,2025-01-31 16:00:00,1612.88,1605.03,5.0,3.0
737,2025-01-31 17:00:00,1889.65,777.48,12.0,3.0
738,2025-01-31 18:00:00,1872.16,0.0,12.0,3.0
739,2025-01-31 19:00:00,1878.41,0.0,12.0,3.0
740,2025-01-31 20:00:00,1848.19,0.0,12.0,3.0
741,2025-01-31 21:00:00,1225.53,0.0,12.0,3.0
742,2025-01-31 22:00:00,1094.15,0.0,5.0,3.0
743,2025-01-31 23:00:00,1081.84,0.0,5.0,3.0
744,2025-02-01 00:00:00,935.34,0.0,5.0,3.0
745,2025-02-01 01:00:00,1018.48,0.0,5.0,3.0
746,2025-02-01 02:00:00,981.8,0.0,5.0,3.0
747,2025-02-01 03:00:00,999.7,0.0,5.0,3.0
748,2025-02-01 04:00:00,963.72,0.0,5.0,3.0
749,2025-02-01 05:00:00,1106.05,0.0,5.0,3.0
750,2025-02-01 06:00:00,1768.5,0.0,5.0,3.0
751,2025-02-01 07:00:00,1740.23,845.81,5.0,3.0
752,2025-02-01 08:00:00,1750.4,1597.15,5.0,3.0
753,2025-02-01 09:00:00,1335.94,1142.78,5.0,3.0
754,2025-02-01 10:00:00,1341.79,2350.59,5.0,3.0
755,2025-02-01 11:00:00,1002.27,1975.04,5.0,3.0
756,2025-02-01 12:00:00,919.56,1560.37,5.0,3.0
757,2025-02-01 13:00:00,1052.61,2064.8,5.0,3.0
758,2025-02-01 14:00:00,1060.18,2129.79,5.0,3.0
759,2025-02-01 15:00:00,948.26,1932.6,5.0,3.0
760,2025-02-01 16:00:00,1294.07,1432.1,5.0,3.0
761,2025-02-01 17:00:00,1650.56,484.89,12.0,3.0
762,2025-02-01 18:00:00,1790.87,0.0,12.0,3.0
763,2025-02-01 19:00:00,1742.64,0.0,12.0,3.0
764,2025-02-01 20:00:00,1654.55,0.0,12.0,3.0
765,2025-02-01 21:00:00,947.37,0.0,12.0,3.0
766,2025-02-01 22:00:00,1119.24,0.0,5.0,3.0
767,2025-02-01 23:00:00,971.47,0.0,5.0,3.0
768,2025-02-02 00:00:00,1146.59,0.0,5.0,3.0
769,2025-02-02 01:00:00,937.81,0.0,5.0,3.0
770,2025-02-02 02:00:00,1082.98,0.0,5.0,3.0
771,2025-02-02 03:00:00,1119.91,0.0,5.0,3.0
772,2025-02-02 04:00:00,963.52,0.0,5.0,3.0
773,2025-02-02 05:00:00,974.58,0.0,5.0,3.0
774,2025-02-02 06:00:00,1784.03,0.0,5.0,3.0
775,2025-02-02 07:00:00,1544.63,875.56,5.0,3.0
776,2025-02-02 08:00:00,1697.33,1611.71,5.0,3.0
777,2025-02-02 09:00:00,1246.71,1767.56,5.0,3.0
778,2025-02-02 10:00:00,1527.87,1610.66,5.0,3.0
779,2025-02-02 11:00:00,993.4,1565.02,5.0,3.0
780,2025-02-02 12:00:00,971.14,2079.41,5.0,3.0
781,2025-02-02 13:00:00,933.99,1551.5,5.0,3.0
782,2025-02-02 14:00:00,986.3,1505.28,5.0,3.0
783,2025-02-02 15:00:00,1024.27,1934.23,5.0,3.0
784,2025-02-02 16:00:00,1315.21,1415.29,5.0,3.0
785,2025-02-02 17:00:00,1751.37,751.26,12.0,3.0
786,2025-02-02 18:00:00,1704.28,0.0,12.0,3.0
787,2025-02-02 19:00:00,1703.49,0.0,12.0,3.0
788,2025-02-02 20:00:00,1672.1,0.0,12.0,3.0
789,2025-02-02 21:00:00,1114.94,0.0,12.0,3.0
790,2025-02-02 22:00:00,1145.05,0.0,5.0,3.0
791,2025-02-02 23:00:00,1116.73,0.0,5.0,3.0
792,2025-02-03 00:00:00,1079.81,0.0,5.0,3.0
793,2025-02-03 01:00:00,1082.24,0.0,5.0,3.0
794,2025-02-03 02:00:00,1076.42,0.0,5.0,3.0
795,2025-02-03 03:00:00,1040.51,0.0,5.0,3.0
796,2025-02-03 04:00:00,1283.14,0.0,5.0,3.0
797,2025-02-03 05:00:00,1120.61,0.0,5.0,3.0
798,2025-02-03 06:00:00,1612.34,0.0,5.0,3.0
799,2025-02-03 07:00:00,1517.56,751.32,5.0,3.0
800,2025-02-03 08:00:00,1891.45,1639.14,5.0,3.0
801,2025-02-03 09:00:00,1640.4,1902.45,5.0,3.0
802,2025-02-03 10:00:00,1320.21,2296.43,5.0,3.0
803,2025-02-03 11:00:00,1123.78,1977.45,5.0,3.0
804,2025-02-03 12:00:00,1156.17,2405.82,5.0,3.0
805,2025-02-03 13:00:00,1088.24,2248.06,5.0,3.0
806,2025-02-03 14:00:00,1148.95,1978.49,5.0,3.0
807,2025-02-03 15:00:00,1057.57,2291.79,5.0,3.0
808,2025-02-03 16:00:00,1501.15,1527.55,5.0,3.0
809,2025-02-03 17:00:00,1879.02,900.75,12.0,3.0
810,2025-02-03 18:00:00,1849.35,0.0,12.0,3.0
811,2025-02-03 19:00:00,1904.62,0.0,12.0,3.0
812,2025-02-03 20:00:00,1837.71,0.0,12.0,3.0
813,2025-02-03 21:00:00,1238.57,0.0,12.0,3.0
814,2025-02-03 22:00:00,1288.19,0.0,5.0,3.0
815,2025-02-03 23:00:00,1216.55,0.0,5.0,3.0
816,2025-02-04 00:00:00,1275.36,0.0,5.0,3.0
817,2025-02-04 01:00:00,1295.26,0.0,5.0,3.0
818,2025-02-04 02:00:00,1105.62,0.0,5.0,3.0
819,2025-02-04 03:00:00,1191.47,0.0,5.0,3.0
820,2025-02-04 04:00:00,1142.18,0.0,5.0,3.0
821,2025-02-04 05:00:00,1295.99,0.0,5.0,3.0
822,2025-02-04 06:00:00,1546.9,0.0,5.0,3.0
823,2025-02-04 07:00:00,1642.03,803.51,5.0,3.0
824,2025-02-04 08:00:00,1989.99,1433.78,5.0,3.0
825,2025-02-04 09:00:00,1608.08,2072.86,5.0,3.0
826,2025-02-04 10:00:00,1563.39,2146.38,5.0,3.0
827,2025-02-04 11:00:00,1044.03,1778.65,5.0,3.0
828,2025-02-04 12:00:00,1099.12,2044.96,5.0,3.0
829,2025-02-04 13:00:00,1173.02,1969.71,5.0,3.0
830,2025-02-04 14:00:00,1189.03,2562.63,5.0,3.0
831,2025-02-04 15:00:00,1051.52,1698.44,5.0,3.0
832,2025-02-04 16:00:00,1654.28,1510.42,5.0,3.0
833,2025-02-04 17:00:00,1955.85,775.64,12.0,3.0
834,2025-02-04 18:00:00,1805.44,0.0,12.0,3.0
835,2025-02-04 19:00:00,1927.11,0.0,12.0,3.0
836,2025-02-04 20:00:00,1948.8,0.0,12.0,3.0
837,2025-02-04 21:00:00,1159.48,0.0,12.0,3.0
838,2025-02-04 22:00:00,1142.84,0.0,5.0,3.0
839,2025-02-04 23:00:00,1134.86,0.0,5.0,3.0
840,2025-02-05 00:00:00,1192.13,0.0,5.0,3.0
841,2025-02-05 01:00:00,1060.46,0.0,5.0,3.0
842,2025-02-05 02:00:00,1266.42,0.0,5.0,3.0
843,2025-02-05 03:00:00,1243.53,0.0,5.0,3.0
844,2025-02-05 04:00:00,1104.87,0.0,5.0,3.0
845,2025-02-05 05:00:00,1173.58,0.0,5.0,3.0
846,2025-02-05 06:00:00,1570.51,0.0,5.0,3.0
847,2025-02-05 07:00:00,1960.95,764.34,5.0,3.0
848,2025-02-05 08:00:00,1605.89,933.42,5.0,3.0
849,2025-02-05 09:00:00,1328.52,1833.33,5.0,3.0
850,2025-02-05 10:00:00,1353.02,2442.8,5.0,3.0
851,2025-02-05 11:00:00,1154.88,1768.63,5.0,3.0
852,2025-02-05 12:00:00,1127.69,2034.99,5.0,3.0
853,2025-02-05 13:00:00,1089.48,2391.04,5.0,3.0
854,2025-02-05 14:00:00,1033.94,2196.27,5.0,3.0
855,2025-02-05 15:00:00,1030.71,2086.18,5.0,3.0
856,2025-02-05 16:00:00,1432.08,1618.8,5.0,3.0
857,2025-02-05 17:00:00,1815.55,789.74,12.0,3.0
858,2025-02-05 18:00:00,1843.32,0.0,12.0,3.0
859,2025-02-05 19:00:00,1859.0,0.0,12.0,3.0
860,2025-02-05 20:00:00,1913.77,0.0,12.0,3.0
861,2025-02-05 21:00:00,1086.95,0.0,12.0,3.0
862,2025-02-05 22:00:00,1166.29,0.0,5.0,3.0
863,2025-02-05 23:00:00,1186.56,0.0,5.0,3.0
864,2025-02-06 00:00:00,1183.1,0.0,5.0,3.0
865,2025-02-06 01:00:00,1187.06,0.0,5.0,3.0
866,2025-02-06 02:00:00,1040.52,0.0,5.0,3.0
867,2025-02-06 03:00:00,1208.06,0.0,5.0,3.0
868,2025-02-06 04:00:00,1202.43,0.0,5.0,3.0
869,2025-02-06 05:00:00,1204.78,0.0,5.0,3.0
870,2025-02-06 06:00:00,1537.04,0.0,5.0,3.0
871,2025-02-06 07:00:00,1543.36,814.18,5.0,3.0
872,2025-02-06 08:00:00,1871.45,1609.91,5.0,3.0
873,2025-02-06 09:00:00,1518.32,2012.65,5.0,3.0
874,2025-02-06 10:00:00,1499.68,2628.25,5.0,3.0
875,2025-02-06 11:00:00,1098.36,2332.43,5.0,3.0
876,2025-02-06 12:00:00,1147.5,2438.91,5.0,3.0
877,2025-02-06 13:00:00,1096.32,2042.66,5.0,3.0
878,2025-02-06 14:00:00,1093.66,1882.35,5.0,3.0
879,2025-02-06 15:00:00,1036.18,2114.23,5.0,3.0
880,2025-02-06 16:00:00,1300.23,1589.75,5.0,3.0
881,2025-02-06 17:00:00,1946.69,719.57,12.0,3.0
882,2025-02-06 18:00:00,1830.86,0.0,12.0,3.0
883,2025-02-06 19:00:00,1925.33,0.0,12.0,3.0
884,2025-02-06 20:00:00,1865.25,0.0,12.0,3.0
885,2025-02-06 21:00:00,1192.47,0.0,12.0,3.0
886,2025-02-06 22:00:00,1123.68,0.0,5.0,3.0
887,2025-02-06 23:00:00,1227.89,0.0,5.0,3.0
888,2025-02-07 00:00:00,1069.2,0.0,5.0,3.0
889,2025-02-07 01:00:00,1271.74,0.0,5.0,3.0
890,2025-02-07 02:00:00,1150.06,0.0,5.0,3.0
891,2025-02-07 03:00:00,1226.83,0.0,5.0,3.0
892,2025-02-07 04:00:00,1254.92,0.0,5.0,3.0
893,2025-02-07 05:00:00,1299.65,0.0,5.0,3.0
894,2025-02-07 06:00:00,1611.97,0.0,5.0,3.0
895,2025-02-07 07:00:00,1631.44,915.48,5.0,3.0
896,2025-02-07 08:00:00,1995.14,1546.34,5.0,3.0
897,2025-02-07 09:00:00,1643.99,1891.74,5.0,3.0
898,2025-02-07 10:00:00,1511.42,2295.04,5.0,3.0
899,2025-02-07 11:00:00,1087.96,2135.84,5.0,3.0
900,2025-02-07 12:00:00,1181.22,2080.79,5.0,3.0
901,2025-02-07 13:00:00,1064.17,1666.63,5.0,3.0
902,2025-02-07 14:00:00,1101.1,2227.25,5.0,3.0
903,2025-02-07 15:00:00,1149.83,1935.99,5.0,3.0
904,2025-02-07 16:00:00,1350.89,1542.1,5.0,3.0
905,2025-02-07 17:00:00,1889.26,872.55,12.0,3.0
906,2025-02-07 18:00:00,1910.8,0.0,12.0,3.0
907,2025-02-07 19:00:00,1835.4,0.0,12.0,3.0
908,2025-02-07 20:00:00,1931.17,0.0,12.0,3.0
909,2025-02-07 21:00:00,1082.51,0.0,12.0,3.0
910,2025-02-07 22:00:00,1019.48,0.0,5.0,3.0
911,2025-02-07 23:00:00,1016.48,0.0,5.0,3.0
912,2025-02-08 00:00:00,1057.07,0.0,5.0,3.0
913,2025-02-08 01:00:00,905.87,0.0,5.0,3.0
914,2025-02-08 02:00:00,1129.17,0.0,5.0,3.0
915,2025-02-08 03:00:00,941.96,0.0,5.0,3.0
916,2025-02-08 04:00:00,1063.77,0.0,5.0,3.0
917,2025-02-08 05:00:00,1020.07,0.0,5.0,3.0
918,2025-02-08 06:00:00,1549.28,0.0,5.0,3.0
919,2025-02-08 07:00:00,1751.87,540.19,5.0,3.0
920,2025-02-08 08:00:00,1756.76,1383.35,5.0,3.0
921,2025-02-08 09:00:00,1243.0,2126.16,5.0,3.0
922,2025-02-08 10:00:00,1385.79,2396.84,5.0,3.0
923,2025-02-08 11:00:00,954.05,2056.71,5.0,3.0
924,2025-02-08 12:00:00,940.39,1569.21,5.0,3.0
925,2025-02-08 13:00:00,1028.05,1630.42,5.0,3.0
926,2025-02-08 14:00:00,1015.92,2114.92,5.0,3.0
927,2025-02-08 15:00:00,1045.89,1681.06,5.0,3.0
928,2025-02-08 16:00:00,1341.01,1415.19,5.0,3.0
929,2025-02-08 17:00:00,1627.66,816.73,12.0,3.0
930,2025-02-08 18:00:00,1694.51,0.0,12.0,3.0
931,2025-02-08 19:00:00,1786.62,0.0,12.0,3.0
932,2025-02-08 20:00:00,1656.24,0.0,12.0,3.0
933,2025-02-08 21:00:00,1150.98,0.0,12.0,3.0
934,2025-02-08 22:00:00,904.82,0.0,5.0,3.0
935,2025-02-08 23:00:00,1149.74,0.0,5.0,3.0
936,2025-02-09 00:00:00,1157.02,0.0,5.0,3.0
937,2025-02-09 01:00:00,903.25,0.0,5.0,3.0
938,2025-02-09 02:00:00,1106.02,0.0,5.0,3.0
939,2025-02-09 03:00:00,1161.95,0.0,5.0,3.0
940,2025-02-09 04:00:00,1144.59,0.0,5.0,3.0
941,2025-02-09 05:00:00,1162.09,0.0,5.0,3.0
942,2025-02-09 06:00:00,1597.65,0.0,5.0,3.0
943,2025-02-09 07:00:00,1626.22,809.83,5.0,3.0
944,2025-02-09 08:00:00,1607.33,1449.81,5.0,3.0
945,2025-02-09 09:00:00,1197.01,2182.04,5.0,3.0
946,2025-02-09 10:00:00,1340.09,2299.85,5.0,3.0
947,2025-02-09 11:00:00,1074.5,1746.59,5.0,3.0
948,2025-02-09 12:00:00,931.47,1788.02,5.0,3.0
949,2025-02-09 13:00:00,1069.66,2259.33,5.0,3.0
950,2025-02-09 14:00:00,1054.72,1727.11,5.0,3.0
951,2025-02-09 15:00:00,943.51,1620.22,5.0,3.0
952,2025-02-09 16:00:00,1262.84,1662.44,5.0,3.0
953,2025-02-09 17:00:00,1647.11,767.34,12.0,3.0
954,2025-02-09 18:00:00,1681.15,0.0,12.0,3.0
955,2025-02-09 19:00:00,1755.68,0.0,12.0,3.0
956,2025-02-09 20:00:00,1671.32,0.0,12.0,3.0
957,2025-02-09 21:00:00,990.46,0.0,12.0,3.0
958,2025-02-09 22:00:00,1128.34,0.0,5.0,3.0
959,2025-02-09 23:00:00,1040.42,0.0,5.0,3.0
960,2025-02-10 00:00:00,1252.82,0.0,5.0,3.0
961,2025-02-10 01:00:00,1133.92,0.0,5.0,3.0
962,2025-02-10 02:00:00,1285.89,0.0,5.0,3.0
963,2025-02-10 03:00:00,1195.24,0.0,5.0,3.0
964,2025-02-10 04:00:00,1034.77,0.0,5.0,3.0
965,2025-02-10 05:00:00,1265.53,0.0,5.0,3.0
966,2025-02-10 06:00:00,1744.63,0.0,5.0,3.0
967,2025-02-10 07:00:00,1843.77,589.69,5.0,3.0
968,2025-02-10 08:00:00,1569.89,1471.45,5.0,3.0
969,2025-02-10 09:00:00,1508.75,1814.42,5.0,3.0
970,2025-02-10 10:00:00,1545.75,2480.71,5.0,3.0
971,2025-02-10 11:00:00,1021.73,2088.6,5.0,3.0
972,2025-02-10 12:00:00,1091.31,2379.36,5.0,3.0
973,2025-02-10 13:00:00,1075.57,1990.36,5.0,3.0
974,2025-02-10 14:00:00,1004.37,1607.72,5.0,3.0
975,2025-02-10 15:00:00,1084.26,1636.97,5.0,3.0
976,2025-02-10 16:00:00,1676.96,1334.47,5.0,3.0
977,2025-02-10 17:00:00,1952.77,877.71,12.0,3.0
978,2025-02-10 18:00:00,1926.47,0.0,12.0,3.0
979,2025-02-10 19:00:00,1808.47,0.0,12.0,3.0
980,2025-02-10 20:00:00,1888.99,0.0,12.0,3.0
981,2025-02-10 21:00:00,1164.1,0.0,12.0,3.0
982,2025-02-10 22:00:00,1044.02,0.0,5.0,3.0
983,2025-02-10 23:00:00,1100.89,0.0,5.0,3.0
984,2025-02-11 00:00:00,1296.29,0.0,5.0,3.0
985,2025-02-11 01:00:00,1004.87,0.0,5.0,3.0
986,2025-02-11 02:00:00,1135.75,0.0,5.0,3.0
987,2025-02-11 03:00:00,1252.8,0.0,5.0,3.0
988,2025-02-11 04:00:00,1097.17,0.0,5.0,3.0
989,2025-02-11 05:00:00,1143.94,0.0,5.0,3.0
990,2025-02-11 06:00:00,1989.02,0.0,5.0,3.0
991,2025-02-11 07:00:00,1525.86,782.06,5.0,3.0
992,2025-02-11 08:00:00,1752.03,1186.38,5.0,3.0
993,2025-02-11 09:00:00,1672.04,2237.01,5.0,3.0
994,2025-02-11 10:00:00,1403.53,2591.75,5.0,3.0
995,2025-02-11 11:00:00,1089.65,1809.65,5.0,3.0
996,2025-02-11 12:00:00,1077.98,1716.44,5.0,3.0
997,2025-02-11 13:00:00,1037.3,2048.0,5.0,3.0
998,2025-02-11 14:00:00,1078.37,1709.52,5.0,3.0
999,2025-02-11 15:00:00,1036.26,1921.67,5.0,3.0
1000,2025-02-11 16:00:00,1442.09,1572.25,5.0,3.0
1001,2025-02-11 17:00:00,1893.3,889.65,12.0,3.0
1002,2025-02-11 18:00:00,1914.39,0.0,12.0,3.0
1003,2025-02-11 19:00:00,1868.53,0.0,12.0,3.0
1004,2025-02-11 20:00:00,1807.8,0.0,12.0,3.0
1005,2025-02-11 21:00:00,1148.38,0.0,12.0,3.0
1006,2025-02-11 22:00:00,1037.18,0.0,5.0,3.0
1007,2025-02-11 23:00:00,1071.54,0.0,5.0,3.0
1008,2025-02-12 00:00:00,1224.13,0.0,5.0,3.0
1009,2025-02-12 01:00:00,1039.23,0.0,5.0,3.0
1010,2025-02-12 02:00:00,1242.08,0.0,5.0,3.0
1011,2025-02-12 03:00:00,1281.07,0.0,5.0,3.0
1012,2025-02-12 04:00:00,1181.96,0.0,5.0,3.0
1013,2025-02-12 05:00:00,1213.11,0.0,5.0,3.0
1014,2025-02-12 06:00:00,1856.79,0.0,5.0,3.0
1015,2025-02-12 07:00:00,1581.43,831.1,5.0,3.0
1016,2025-02-12 08:00:00,1588.96,1338.04,5.0,3.0
1017,2025-02-12 09:00:00,1671.07,1817.8,5.0,3.0
1018,2025-02-12 10:00:00,1343.3,2279.41,5.0,3.0
1019,2025-02-12 11:00:00,1006.56,1999.01,5.0,3.0
1020,2025-02-12 12:00:00,1075.72,2051.16,5.0,3.0
1021,2025-02-12 13:00:00,1065.58,1747.38,5.0,3.0
1022,2025-02-12 14:00:00,1040.42,2146.27,5.0,3.0
1023,2025-02-12 15:00:00,1185.71,2372.35,5.0,3.0
1024,2025-02-12 16:00:00,1425.83,1588.25,5.0,3.0
1025,2025-02-12 17:00:00,1968.85,812.96,12.0,3.0
1026,2025-02-12 18:00:00,1953.38,0.0,12.0,3.0
1027,2025-02-12 19:00:00,1985.85,0.0,12.0,3.0
1028,2025-02-12 20:00:00,1818.87,0.0,12.0,3.0
1029,2025-02-12 21:00:00,1298.28,0.0,12.0,3.0
1030,2025-02-12 22:00:00,1231.03,0.0,5.0,3.0
1031,2025-02-12 23:00:00,1027.98,0.0,5.0,3.0
1032,2025-02-13 00:00:00,1196.87,0.0,5.0,3.0
1033,2025-02-13 01:00:00,1010.25,0.0,5.0,3.0
1034,2025-02-13 02:00:00,1231.06,0.0,5.0,3.0
1035,2025-02-13 03:00:00,1239.77,0.0,5.0,3.0
1036,2025-02-13 04:00:00,1180.72,0.0,5.0,3.0
1037,2025-02-13 05:00:00,1257.06,0.0,5.0,3.0
1038,2025-02-13 06:00:00,1548.94,0.0,5.0,3.0
1039,2025-02-13 07:00:00,1521.23,781.95,5.0,3.0
1040,2025-02-13 08:00:00,1696.37,1626.48,5.0,3.0
1041,2025-02-13 09:00:00,1408.14,1991.69,5.0,3.0
1042,2025-02-13 10:00:00,1431.12,2356.12,5.0,3.0
1043,2025-02-13 11:00:00,1051.47,2121.12,5.0,3.0
1044,2025-02-13 12:00:00,1070.39,1703.78,5.0,3.0
1045,2025-02-13 13:00:00,1164.78,1848.07,5.0,3.0
1046,2025-02-13 14:00:00,1156.94,2486.6,5.0,3.0
1047,2025-02-13 15:00:00,1028.42,1828.84,5.0,3.0
1048,2025-02-13 16:00:00,1627.29,1421.15,5.0,3.0
1049,2025-02-13 17:00:00,1985.92,716.77,12.0,3.0
1050,2025-02-13 18:00:00,1944.21,0.0,12.0,3.0
1051,2025-02-13 19:00:00,1963.18,0.0,12.0,3.0
1052,2025-02-13 20:00:00,1813.51,0.0,12.0,3.0
1053,2025-02-13 21:00:00,1153.67,0.0,12.0,3.0
1054,2025-02-13 22:00:00,1077.57,0.0,5.0,3.0
1055,2025-02-13 23:00:00,1198.88,0.0,5.0,3.0
1056,2025-02-14 00:00:00,1035.6,0.0,5.0,3.0
1057,2025-02-14 01:00:00,1281.12,0.0,5.0,3.0
1058,2025-02-14 02:00:00,1268.42,0.0,5.0,3.0
1059,2025-02-14 03:00:00,1055.79,0.0,5.0,3.0
1060,2025-02-14 04:00:00,1096.98,0.0,5.0,3.0
1061,2025-02-14 05:00:00,1176.29,0.0,5.0,3.0
1062,2025-02-14 06:00:00,1859.03,0.0,5.0,3.0
1063,2025-02-14 07:00:00,1552.08,816.81,5.0,3.0
1064,2025-02-14 08:00:00,1936.27,1640.79,5.0,3.0
1065,2025-02-14 09:00:00,1335.1,2170.84,5.0,3.0
1066,2025-02-14 10:00:00,1679.0,2322.75,5.0,3.0
1067,2025-02-14 11:00:00,1090.49,1865.46,5.0,3.0
1068,2025-02-14 12:00:00,1179.68,2172.98,5.0,3.0
1069,2025-02-14 13:00:00,1013.43,1990.38,5.0,3.0
1070,2025-02-14 14:00:00,1067.8,2315.99,5.0,3.0
1071,2025-02-14 15:00:00,1189.97,2023.56,5.0,3.0
1072,2025-02-14 16:00:00,1354.59,1456.11,5.0,3.0
1073,2025-02-14 17:00:00,1907.43,744.45,12.0,3.0
1074,2025-02-14 18:00:00,1873.78,0.0,12.0,3.0
1075,2025-02-14 19:00:00,1839.39,0.0,12.0,3.0
1076,2025-02-14 20:00:00,1852.38,0.0,12.0,3.0
1077,2025-02-14 21:00:00,1188.09,0.0,12.0,3.0
1078,2025-02-14 22:00:00,1116.45,0.0,5.0,3.0
1079,2025-02-14 23:00:00,1103.62,0.0,5.0,3.0
1080,2025-02-15 00:00:00,1044.15,0.0,5.0,3.0
1081,2025-02-15 01:00:00,1108.4,0.0,5.0,3.0
1082,2025-02-15 02:00:00,1002.29,0.0,5.0,3.0
1083,2025-02-15 03:00:00,1058.63,0.0,5.0,3.0
1084,2025-02-15 04:00:00,1160.87,0.0,5.0,3.0
1085,2025-02-15 05:00:00,1040.93,0.0,5.0,3.0
1086,2025-02-15 06:00:00,1759.41,0.0,5.0,3.0
1087,2025-02-15 07:00:00,1543.09,914.23,5.0,3.0
1088,2025-02-15 08:00:00,1556.27,1301.67,5.0,3.0
1089,2025-02-15 09:00:00,1215.56,2028.45,5.0,3.0
1090,2025-02-15 10:00:00,1430.44,2468.78,5.0,3.0
1091,2025-02-15 11:00:00,1010.24,2169.35,5.0,3.0
1092,2025-02-15 12:00:00,1056.43,1603.03,5.0,3.0
1093,2025-02-15 13:00:00,938.93,1773.3,5.0,3.0
1094,2025-02-15 14:00:00,975.64,1896.43,5.0,3.0
1095,2025-02-15 15:00:00,1026.68,1616.13,5.0,3.0
1096,2025-02-15 16:00:00,1489.69,1399.94,5.0,3.0
1097,2025-02-15 17:00:00,1672.62,863.16,12.0,3.0
1098,2025-02-15 18:00:00,1729.89,0.0,12.0,3.0
1099,2025-02-15 19:00:00,1627.11,0.0,12.0,3.0
1100,2025-02-15 20:00:00,1751.13,0.0,12.0,3.0
1101,2025-02-15 21:00:00,911.66,0.0,12.0,3.0
1102,2025-02-15 22:00:00,901.31,0.0,5.0,3.0
1103,2025-02-15 23:00:00,1096.96,0.0,5.0,3.0
1104,2025-02-16 00:00:00,1156.2,0.0,5.0,3.0
1105,2025-02-16 01:00:00,1104.26,0.0,5.0,3.0
1106,2025-02-16 02:00:00,1027.34,0.0,5.0,3.0
1107,2025-02-16 03:00:00,1031.23,0.0,5.0,3.0
1108,2025-02-16 04:00:00,1017.76,0.0,5.0,3.0
1109,2025-02-16 05:00:00,987.65,0.0,5.0,3.0
1110,2025-02-16 06:00:00,1584.77,0.0,5.0,3.0
1111,2025-02-16 07:00:00,1754.15,747.78,5.0,3.0
1112,2025-02-16 08:00:00,1523.11,1126.76,5.0,3.0
1113,2025-02-16 09:00:00,1273.49,1984.59,5.0,3.0
1114,2025-02-16 10:00:00,1348.66,2150.71,5.0,3.0
1115,2025-02-16 11:00:00,912.06,1457.69,5.0,3.0
1116,2025-02-16 12:00:00,947.29,1698.85,5.0,3.0
1117,2025-02-16 13:00:00,935.66,2036.34,5.0,3.0
1118,2025-02-16 14:00:00,1004.48,1925.82,5.0,3.0
1119,2025-02-16 15:00:00,924.94,1991.5,5.0,3.0
1120,2025-02-16 16:00:00,1482.57,1522.59,5.0,3.0
1121,2025-02-16 17:00:00,1632.45,490.02,12.0,3.0
1122,2025-02-16 18:00:00,1751.02,0.0,12.0,3.0
1123,2025-02-16 19:00:00,1631.95,0.0,12.0,3.0
1124,2025-02-16 20:00:00,1775.26,0.0,12.0,3.0
1125,2025-02-16 21:00:00,1125.59,0.0,12.0,3.0
1126,2025-02-16 22:00:00,924.01,0.0,5.0,3.0
1127,2025-02-16 23:00:00,906.41,0.0,5.0,3.0
1128,2025-02-17 00:00:00,1016.89,0.0,5.0,3.0
1129,2025-02-17 01:00:00,1256.09,0.0,5.0,3.0
1130,2025-02-17 02:00:00,1070.41,0.0,5.0,3.0
1131,2025-02-17 03:00:00,1164.48,0.0,5.0,3.0
1132,2025-02-17 04:00:00,1127.87,0.0,5.0,3.0
1133,2025-02-17 05:00:00,1238.66,0.0,5.0,3.0
1134,2025-02-17 06:00:00,1744.45,0.0,5.0,3.0
1135,2025-02-17 07:00:00,1575.06,742.83,5.0,3.0
1136,2025-02-17 08:00:00,1738.82,1555.07,5.0,3.0
1137,2025-02-17 09:00:00,1574.09,1988.36,5.0,3.0
1138,2025-02-17 10:00:00,1446.63,2379.85,5.0,3.0
1139,2025-02-17 11:00:00,1065.38,2197.94,5.0,3.0
1140,2025-02-17 12:00:00,1073.01,1960.57,5.0,3.0
1141,2025-02-17 13:00:00,1120.42,2296.12,5.0,3.0
1142,2025-02-17 14:00:00,1169.53,1768.9,5.0,3.0
1143,2025-02-17 15:00:00,1001.72,1579.11,5.0,3.0
1144,2025-02-17 16:00:00,1694.87,1456.73,5.0,3.0
1145,2025-02-17 17:00:00,1814.37,871.95,12.0,3.0
1146,2025-02-17 18:00:00,1871.84,0.0,12.0,3.0
1147,2025-02-17 19:00:00,1998.25,0.0,12.0,3.0
1148,2025-02-17 20:00:00,1851.52,0.0,12.0,3.0
1149,2025-02-17 21:00:00,1056.85,0.0,12.0,3.0
1150,2025-02-17 22:00:00,1037.18,0.0,5.0,3.0
1151,2025-02-17 23:00:00,1166.58,0.0,5.0,3.0
1152,2025-02-18 00:00:00,1178.93,0.0,5.0,3.0
1153,2025-02-18 01:00:00,1237.68,0.0,5.0,3.0
1154,2025-02-18 02:00:00,1225.92,0.0,5.0,3.0
1155,2025-02-18 03:00:00,1267.76,0.0,5.0,3.0
1156,2025-02-18 04:00:00,1241.73,0.0,5.0,3.0
1157,2025-02-18 05:00:00,1074.18,0.0,5.0,3.0
1158,2025-02-18 06:00:00,1777.94,0.0,5.0,3.0
1159,2025-02-18 07:00:00,1965.97,912.01,5.0,3.0
1160,2025-02-18 08:00:00,1708.46,1495.7,5.0,3.0
1161,2025-02-18 09:00:00,1342.91,2037.44,5.0,3.0
1162,2025-02-18 10:00:00,1326.95,2199.39,5.0,3.0
1163,2025-02-18 11:00:00,1039.6,2162.99,5.0,3.0
1164,2025-02-18 12:00:00,1180.06,2428.29,5.0,3.0
1165,2025-02-18 13:00:00,1138.37,1892.94,5.0,3.0
1166,2025-02-18 14:00:00,1165.64,2181.54,5.0,3.0
1167,2025-02-18 15:00:00,1064.49,2048.3,5.0,3.0
1168,2025-02-18 16:00:00,1535.01,1479.04,5.0,3.0
1169,2025-02-18 17:00:00,1951.22,762.74,12.0,3.0
1170,2025-02-18 18:00:00,1840.48,0.0,12.0,3.0
1171,2025-02-18 19:00:00,1914.31,0.0,12.0,3.0
1172,2025-02-18 20:00:00,1809.81,0.0,12.0,3.0
1173,2025-02-18 21:00:00,1121.28,0.0,12.0,3.0
1174,2025-02-18 22:00:00,1174.89,0.0,5.0,3.0
1175,2025-02-18 23:00:00,1175.56,0.0,5.0,3.0
1176,2025-02-19 00:00:00,1197.2,0.0,5.0,3.0
1177,2025-02-19 01:00:00,1216.06,0.0,5.0,3.0
1178,2025-02-19 02:00:00,1192.46,0.0,5.0,3.0
1179,2025-02-19 03:00:00,1237.07,0.0,5.0,3.0
1180,2025-02-19 04:00:00,1187.43,0.0,5.0,3.0
1181,2025-02-19 05:00:00,1161.25,0.0,5.0,3.0
1182,2025-02-19 06:00:00,1803.1,0.0,5.0,3.0
1183,2025-02-19 07:00:00,1763.7,857.83,5.0,3.0
1184,2025-02-19 08:00:00,1545.2,1407.25,5.0,3.0
1185,2025-02-19 09:00:00,1593.61,2067.05,5.0,3.0
1186,2025-02-19 10:00:00,1536.55,2371.34,5.0,3.0
1187,2025-02-19 11:00:00,1172.82,2471.62,5.0,3.0
1188,2025-02-19 12:00:00,1073.65,2063.74,5.0,3.0
1189,2025-02-19 13:00:00,1038.61,1857.87,5.0,3.0
1190,2025-02-19 14:00:00,1101.03,1939.94,5.0,3.0
1191,2025-02-19 15:00:00,1067.66,1919.78,5.0,3.0
1192,2025-02-19 16:00:00,1609.0,1370.28,5.0,3.0
1193,2025-02-19 17:00:00,1921.73,807.06,12.0,3.0
1194,2025-02-19 18:00:00,1810.19,0.0,12.0,3.0
1195,2025-02-19 19:00:00,1904.43,0.0,12.0,3.0
1196,2025-02-19 20:00:00,1910.45,0.0,12.0,3.0
1197,2025-02-19 21:00:00,1063.52,0.0,12.0,3.0
1198,2025-02-19 22:00:00,1245.84,0.0,5.0,3.0
1199,2025-02-19 23:00:00,1149.58,0.0,5.0,3.0
1200,2025-02-20 00:00:00,1010.16,0.0,5.0,3.0
1201,2025-02-20 01:00:00,1204.9,0.0,5.0,3.0
1202,2025-02-20 02:00:00,1285.15,0.0,5.0,3.0
1203,2025-02-20 03:00:00,1248.75,0.0,5.0,3.0
1204,2025-02-20 04:00:00,1083.16,0.0,5.0,3.0
1205,2025-02-20 05:00:00,1016.0,0.0,5.0,3.0
1206,2025-02-20 06:00:00,1970.18,0.0,5.0,3.0
1207,2025-02-20 07:00:00,1821.16,810.29,5.0,3.0
1208,2025-02-20 08:00:00,1559.72,1027.28,5.0,3.0
1209,2025-02-20 09:00:00,1634.66,1380.04,5.0,3.0
1210,2025-02-20 10:00:00,1519.45,2220.38,5.0,3.0
1211,2025-02-20 11:00:00,1112.66,2176.75,5.0,3.0
1212,2025-02-20 12:00:00,1182.44,2491.69,5.0,3.0
1213,2025-02-20 13:00:00,1180.5,2145.83,5.0,3.0
1214,2025-02-20 14:00:00,1124.03,1881.05,5.0,3.0
1215,2025-02-20 15:00:00,1003.3,1671.16,5.0,3.0
1216,2025-02-20 16:00:00,1612.59,1337.46,5.0,3.0
1217,2025-02-20 17:00:00,1901.95,813.45,12.0,3.0
1218,2025-02-20 18:00:00,1867.94,0.0,12.0,3.0
1219,2025-02-20 19:00:00,1875.06,0.0,12.0,3.0
1220,2025-02-20 20:00:00,1993.99,0.0,12.0,3.0
1221,2025-02-20 21:00:00,1051.88,0.0,12.0,3.0
1222,2025-02-20 22:00:00,1095.9,0.0,5.0,3.0
1223,2025-02-20 23:00:00,1088.19,0.0,5.0,3.0
1224,2025-02-21 00:00:00,1162.99,0.0,5.0,3.0
1225,2025-02-21 01:00:00,1149.78,0.0,5.0,3.0
1226,2025-02-21 02:00:00,1193.12,0.0,5.0,3.0
1227,2025-02-21 03:00:00,1285.0,0.0,5.0,3.0
1228,2025-02-21 04:00:00,1085.57,0.0,5.0,3.0
1229,2025-02-21 05:00:00,1207.83,0.0,5.0,3.0
1230,2025-02-21 06:00:00,1512.52,0.0,5.0,3.0
1231,2025-02-21 07:00:00,1515.5,857.69,5.0,3.0
1232,2025-02-21 08:00:00,1873.37,1534.65,5.0,3.0
1233,2025-02-21 09:00:00,1458.43,1237.45,5.0,3.0
1234,2025-02-21 10:00:00,1562.0,2141.76,5.0,3.0
1235,2025-02-21 11:00:00,1111.52,2247.73,5.0,3.0
1236,2025-02-21 12:00:00,1109.04,2297.49,5.0,3.0
1237,2025-02-21 13:00:00,1171.79,1844.04,5.0,3.0
1238,2025-02-21 14:00:00,1005.2,1554.63,5.0,3.0
1239,2025-02-21 15:00:00,1038.93,1990.7,5.0,3.0
1240,2025-02-21 16:00:00,1433.74,1209.24,5.0,3.0
1241,2025-02-21 17:00:00,1880.47,897.07,12.0,3.0
1242,2025-02-21 18:00:00,1930.51,0.0,12.0,3.0
1243,2025-02-21 19:00:00,1982.66,0.0,12.0,3.0
1244,2025-02-21 20:00:00,1817.75,0.0,12.0,3.0
1245,2025-02-21 21:00:00,1122.06,0.0,12.0,3.0
1246,2025-02-21 22:00:00,1282.75,0.0,5.0,3.0
1247,2025-02-21 23:00:00,1285.2,0.0,5.0,3.0
1248,2025-02-22 00:00:00,1011.02,0.0,5.0,3.0
1249,2025-02-22 01:00:00,1080.2,0.0,5.0,3.0
1250,2025-02-22 02:00:00,1023.32,0.0,5.0,3.0
1251,2025-02-22 03:00:00,1103.43,0.0,5.0,3.0
1252,2025-02-22 04:00:00,908.53,0.0,5.0,3.0
1253,2025-02-22 05:00:00,938.92,0.0,5.0,3.0
1254,2025-02-22 06:00:00,1626.39,0.0,5.0,3.0
1255,2025-02-22 07:00:00,1508.05,883.53,5.0,3.0
1256,2025-02-22 08:00:00,1571.78,1423.71,5.0,3.0
1257,2025-02-22 09:00:00,1347.93,2093.5,5.0,3.0
1258,2025-02-22 10:00:00,1466.3,2601.32,5.0,3.0
1259,2025-02-22 11:00:00,1072.73,1718.86,5.0,3.0
1260,2025-02-22 12:00:00,1002.82,2083.12,5.0,3.0
1261,2025-02-22 13:00:00,961.67,1651.41,5.0,3.0
1262,2025-02-22 14:00:00,914.84,1464.39,5.0,3.0
1263,2025-02-22 15:00:00,1013.43,2173.48,5.0,3.0
1264,2025-02-22 16:00:00,1337.18,1607.65,5.0,3.0
1265,2025-02-22 17:00:00,1655.71,872.66,12.0,3.0
1266,2025-02-22 18:00:00,1723.48,0.0,12.0,3.0
1267,2025-02-22 19:00:00,1778.69,0.0,12.0,3.0
1268,2025-02-22 20:00:00,1751.29,0.0,12.0,3.0
1269,2025-02-22 21:00:00,1115.66,0.0,12.0,3.0
1270,2025-02-22 22:00:00,1079.44,0.0,5.0,3.0
1271,2025-02-22 23:00:00,1128.51,0.0,5.0,3.0
1272,2025-02-23 00:00:00,1168.14,0.0,5.0,3.0
1273,2025-02-23 01:00:00,1013.44,0.0,5.0,3.0
1274,2025-02-23 02:00:00,1119.76,0.0,5.0,3.0
1275,2025-02-23 03:00:00,1101.04,0.0,5.0,3.0
1276,2025-02-23 04:00:00,1022.27,0.0,5.0,3.0
1277,2025-02-23 05:00:00,1150.28,0.0,5.0,3.0
1278,2025-02-23 06:00:00,1527.49,0.0,5.0,3.0
1279,2025-02-23 07:00:00,1451.6,806.04,5.0,3.0
1280,2025-02-23 08:00:00,1527.34,1497.2,5.0,3.0
1281,2025-02-23 09:00:00,1460.09,1831.55,5.0,3.0
1282,2025-02-23 10:00:00,1376.94,2460.95,5.0,3.0
1283,2025-02-23 11:00:00,980.51,1584.38,5.0,3.0
1284,2025-02-23 12:00:00,1004.76,1707.39,5.0,3.0
1285,2025-02-23 13:00:00,1047.21,1683.42,5.0,3.0
1286,2025-02-23 14:00:00,1044.1,1650.56,5.0,3.0
1287,2025-02-23 15:00:00,1004.88,1522.2,5.0,3.0
1288,2025-02-23 16:00:00,1255.96,1418.38,5.0,3.0
1289,2025-02-23 17:00:00,1712.01,803.24,12.0,3.0
1290,2025-02-23 18:00:00,1777.63,0.0,12.0,3.0
1291,2025-02-23 19:00:00,1649.86,0.0,12.0,3.0
1292,2025-02-23 20:00:00,1767.54,0.0,12.0,3.0
1293,2025-02-23 21:00:00,908.68,0.0,12.0,3.0
1294,2025-02-23 22:00:00,1006.19,0.0,5.0,3.0
1295,2025-02-23 23:00:00,1135.1,0.0,5.0,3.0
1296,2025-02-24 00:00:00,1206.63,0.0,5.0,3.0
1297,2025-02-24 01:00:00,1159.82,0.0,5.0,3.0
1298,2025-02-24 02:00:00,1116.36,0.0,5.0,3.0
1299,2025-02-24 03:00:00,1243.69,0.0,5.0,3.0
1300,2025-02-24 04:00:00,1212.87,0.0,5.0,3.0
1301,2025-02-24 05:00:00,1140.52,0.0,5.0,3.0
1302,2025-02-24 06:00:00,1946.24,0.0,5.0,3.0
1303,2025-02-24 07:00:00,1821.4,778.66,5.0,3.0
1304,2025-02-24 08:00:00,1624.84,1550.48,5.0,3.0
1305,2025-02-24 09:00:00,1390.56,2245.89,5.0,3.0
1306,2025-02-24 10:00:00,1304.86,2406.55,5.0,3.0
1307,2025-02-24 11:00:00,1161.49,1787.27,5.0,3.0
1308,2025-02-24 12:00:00,1033.59,1676.74,5.0,3.0
1309,2025-02-24 13:00:00,1027.33,1579.38,5.0,3.0
1310,2025-02-24 14:00:00,1000.54,1914.83,5.0,3.0
1311,2025-02-24 15:00:00,1066.82,2108.57,5.0,3.0
1312,2025-02-24 16:00:00,1372.61,1568.9,5.0,3.0
1313,2025-02-24 17:00:00,1915.06,845.35,12.0,3.0
1314,2025-02-24 18:00:00,1835.0,0.0,12.0,3.0
1315,2025-02-24 19:00:00,1956.55,0.0,12.0,3.0
1316,2025-02-24 20:00:00,1841.25,0.0,12.0,3.0
1317,2025-02-24 21:00:00,1056.0,0.0,12.0,3.0
1318,2025-02-24 22:00:00,1149.11,0.0,5.0,3.0
1319,2025-02-24 23:00:00,1009.88,0.0,5.0,3.0
1320,2025-02-25 00:00:00,1067.59,0.0,5.0,3.0
1321,2025-02-25 01:00:00,1217.2,0.0,5.0,3.0
1322,2025-02-25 02:00:00,1251.22,0.0,5.0,3.0
1323,2025-02-25 03:00:00,1024.24,0.0,5.0,3.0
1324,2025-02-25 04:00:00,1264.62,0.0,5.0,3.0
1325,2025-02-25 05:00:00,1239.26,0.0,5.0,3.0
1326,2025-02-25 06:00:00,1934.84,0.0,5.0,3.0
1327,2025-02-25 07:00:00,1762.55,901.84,5.0,3.0
1328,2025-02-25 08:00:00,1550.26,1357.49,5.0,3.0
1329,2025-02-25 09:00:00,1677.92,2103.9,5.0,3.0
1330,2025-02-25 10:00:00,1636.45,2219.61,5.0,3.0
1331,2025-02-25 11:00:00,1159.9,2059.45,5.0,3.0
1332,2025-02-25 12:00:00,1150.82,1982.4,5.0,3.0
1333,2025-02-25 13:00:00,1102.81,2043.69,5.0,3.0
1334,2025-02-25 14:00:00,1023.39,2161.91,5.0,3.0
1335,2025-02-25 15:00:00,1070.28,2243.08,5.0,3.0
1336,2025-02-25 16:00:00,1574.74,1644.99,5.0,3.0
1337,2025-02-25 17:00:00,1877.08,747.11,12.0,3.0
1338,2025-02-25 18:00:00,1947.97,0.0,12.0,3.0
1339,2025-02-25 19:00:00,1915.93,0.0,12.0,3.0
1340,2025-02-25 20:00:00,1925.35,0.0,12.0,3.0
1341,2025-02-25 21:00:00,1105.99,0.0,12.0,3.0
1342,2025-02-25 22:00:00,1203.85,0.0,5.0,3.0
1343,2025-02-25 23:00:00,1231.12,0.0,5.0,3.0
1344,2025-02-26 00:00:00,1299.47,0.0,5.0,3.0
1345,2025-02-26 01:00:00,1147.74,0.0,5.0,3.0
1346,2025-02-26 02:00:00,1018.39,0.0,5.0,3.0
1347,2025-02-26 03:00:00,1178.76,0.0,5.0,3.0
1348,2025-02-26 04:00:00,1035.71,0.0,5.0,3.0
1349,2025-02-26 05:00:00,1073.43,0.0,5.0,3.0
1350,2025-02-26 06:00:00,1664.39,0.0,5.0,3.0
1351,2025-02-26 07:00:00,1582.88,858.56,5.0,3.0
1352,2025-02-26 08:00:00,1846.75,856.91,5.0,3.0
1353,2025-02-26 09:00:00,1523.47,2068.53,5.0,3.0
1354,2025-02-26 10:00:00,1473.84,2286.84,5.0,3.0
1355,2025-02-26 11:00:00,1135.83,1738.31,5.0,3.0
1356,2025-02-26 12:00:00,1196.15,1946.19,5.0,3.0
1357,2025-02-26 13:00:00,1044.0,1739.01,5.0,3.0
1358,2025-02-26 14:00:00,1044.39,1748.91,5.0,3.0
1359,2025-02-26 15:00:00,1165.28,2213.87,5.0,3.0
1360,2025-02-26 16:00:00,1559.93,1457.24,5.0,3.0
1361,2025-02-26 17:00:00,1809.13,812.71,12.0,3.0
1362,2025-02-26 18:00:00,1887.65,0.0,12.0,3.0
1363,2025-02-26 19:00:00,1917.56,0.0,12.0,3.0
1364,2025-02-26 20:00:00,1846.51,0.0,12.0,3.0
1365,2025-02-26 21:00:00,1019.26,0.0,12.0,3.0
1366,2025-02-26 22:00:00,1230.25,0.0,5.0,3.0
1367,2025-02-26 23:00:00,1112.94,0.0,5.0,3.0
1368,2025-02-27 00:00:00,1114.07,0.0,5.0,3.0
1369,2025-02-27 01:00:00,1129.4,0.0,5.0,3.0
1370,2025-02-27 02:00:00,1244.51,0.0,5.0,3.0
1371,2025-02-27 03:00:00,1096.25,0.0,5.0,3.0
1372,2025-02-27 04:00:00,1227.41,0.0,5.0,3.0
1373,2025-02-27 05:00:00,1281.86,0.0,5.0,3.0
1374,2025-02-27 06:00:00,1830.43,0.0,5.0,3.0
1375,2025-02-27 07:00:00,1728.95,829.64,5.0,3.0
1376,2025-02-27 08:00:00,1658.86,1179.04,5.0,3.0
1377,2025-02-27 09:00:00,1349.54,2050.62,5.0,3.0
1378,2025-02-27 10:00:00,1672.28,2161.95,5.0,3.0
1379,2025-02-27 11:00:00,1091.55,1955.38,5.0,3.0
1380,2025-02-27 12:00:00,1023.7,1570.85,5.0,3.0
1381,2025-02-27 13:00:00,1080.26,1902.91,5.0,3.0
1382,2025-02-27 14:00:00,1032.37,1927.05,5.0,3.0
1383,2025-02-27 15:00:00,1065.81,1674.57,5.0,3.0
1384,2025-02-27 16:00:00,1309.69,1369.44,5.0,3.0
1385,2025-02-27 17:00:00,1825.37,908.09,12.0,3.0
1386,2025-02-27 18:00:00,1923.53,0.0,12.0,3.0
1387,2025-02-27 19:00:00,1817.69,0.0,12.0,3.0
1388,2025-02-27 20:00:00,1994.9,0.0,12.0,3.0
1389,2025-02-27 21:00:00,1061.2,0.0,12.0,3.0
1390,2025-02-27 22:00:00,1186.92,0.0,5.0,3.0
1391,2025-02-27 23:00:00,1126.03,0.0,5.0,3.0
1392,2025-02-28 00:00:00,1115.19,0.0,5.0,3.0
1393,2025-02-28 01:00:00,1279.37,0.0,5.0,3.0
1394,2025-02-28 02:00:00,1044.77,0.0,5.0,3.0
1395,2025-02-28 03:00:00,1299.12,0.0,5.0,3.0
1396,2025-02-28 04:00:00,1113.74,0.0,5.0,3.0
1397,2025-02-28 05:00:00,1194.63,0.0,5.0,3.0
1398,2025-02-28 06:00:00,1983.95,0.0,5.0,3.0
1399,2025-02-28 07:00:00,1783.91,760.69,5.0,3.0
1400,2025-02-28 08:00:00,1766.69,1485.41,5.0,3.0
1401,2025-02-28 09:00:00,1361.99,2184.47,5.0,3.0
1402,2025-02-28 10:00:00,1313.79,2666.34,5.0,3.0
1403,2025-02-28 11:00:00,1001.5,2086.55,5.0,3.0
1404,2025-02-28 12:00:00,1012.0,1554.81,5.0,3.0
1405,2025-02-28 13:00:00,1117.63,2399.99,5.0,3.0
1406,2025-02-28 14:00:00,1118.86,1755.92,5.0,3.0
1407,2025-02-28 15:00:00,1176.38,2459.23,5.0,3.0
1408,2025-02-28 16:00:00,1428.63,1037.19,5.0,3.0
1409,2025-02-28 17:00:00,1802.24,774.12,12.0,3.0
1410,2025-02-28 18:00:00,1962.98,0.0,12.0,3.0
1411,2025-02-28 19:00:00,1883.66,0.0,12.0,3.0
1412,2025-02-28 20:00:00,1864.88,0.0,12.0,3.0
1413,2025-02-28 21:00:00,1239.51,0.0,12.0,3.0
1414,2025-02-28 22:00:00,1287.31,0.0,5.0,3.0
1415,2025-02-28 23:00:00,1262.59,0.0,5.0,3.0
1416,2025-03-01 00:00:00,941.47,0.0,5.0,3.0
1417,2025-03-01 01:00:00,1109.71,0.0,5.0,3.0
1418,2025-03-01 02:00:00,939.95,0.0,5.0,3.0
1419,2025-03-01 03:00:00,1146.61,0.0,5.0,3.0
1420,2025-03-01 04:00:00,1039.83,0.0,5.0,3.0
1421,2025-03-01 05:00:00,990.82,0.0,5.0,3.0
1422,2025-03-01 06:00:00,1420.66,0.0,5.0,3.0
1423,2025-03-01 07:00:00,1761.31,911.12,5.0,3.0
1424,2025-03-01 08:00:00,1395.34,1419.05,5.0,3.0
1425,2025-03-01 09:00:00,1365.46,1927.56,5.0,3.0
1426,2025-03-01 10:00:00,1376.58,1958.85,5.0,3.0
1427,2025-03-01 11:00:00,1017.15,2168.42,5.0,3.0
1428,2025-03-01 12:00:00,991.03,2166.09,5.0,3.0
1429,2025-03-01 13:00:00,1027.8,2118.73,5.0,3.0
1430,2025-03-01 14:00:00,1010.45,2067.01,5.0,3.0
1431,2025-03-01 15:00:00,1009.13,1967.54,5.0,3.0
1432,2025-03-01 16:00:00,1191.85,1386.78,5.0,3.0
1433,2025-03-01 17:00:00,1729.87,884.01,12.0,3.0
1434,2025-03-01 18:00:00,1675.72,0.0,12.0,3.0
1435,2025-03-01 19:00:00,1705.12,0.0,12.0,3.0
1436,2025-03-01 20:00:00,1737.92,0.0,12.0,3.0
1437,2025-03-01 21:00:00,956.72,0.0,12.0,3.0
1438,2025-03-01 22:00:00,1164.4,0.0,5.0,3.0
1439,2025-03-01 23:00:00,926.48,0.0,5.0,3.0
